target,predictor,value,r_squared,mse,predictor_layer,target_layer
PIM3,(Intercept),1.05435827505448e-17,0.00084270597401954,0.994517483348343,(Intercept),gene
PIM3,age,-0.0290293984439833,0.00084270597401954,0.994517483348343,phenotype,gene
PIM3,gender,0,0.00084270597401954,0.994517483348343,phenotype,gene
MGA,(Intercept),2.91083168993755e-17,0.00021193935844544,0.995660624827284,(Intercept),gene
MGA,age,-0.0145581371900886,0.00021193935844544,0.995660624827284,phenotype,gene
MGA,gender,0,0.00021193935844544,0.995660624827284,phenotype,gene
LRRC57,(Intercept),6.47144335313536e-18,0.00166159441979128,0.992649267601655,(Intercept),gene
LRRC57,age,0,0.00166159441979128,0.992649267601655,phenotype,gene
LRRC57,gender,0.0407626596260755,0.00166159441979128,0.992649267601655,phenotype,gene
FAM98B,(Intercept),-4.14473864484891e-17,0.000273999100326393,0.996440980100998,(Intercept),gene
FAM98B,age,0.0165529181815894,0.000273999100326393,0.996440980100998,phenotype,gene
FAM98B,gender,0,0.000273999100326393,0.996440980100998,phenotype,gene
EHD4,(Intercept),-2.50329278055448e-17,0.00220472164672829,0.990622708856733,(Intercept),gene
EHD4,age,0.0196002296551918,0.00220472164672829,0.990622708856733,phenotype,gene
EHD4,gender,-0.0436314938796048,0.00220472164672829,0.990622708856733,phenotype,gene
OSTM1,(Intercept),-1.37726477055876e-17,0.000151078176747148,0.997057031853078,(Intercept),gene
OSTM1,age,0.0122913862825618,0.000151078176747148,0.997057031853078,phenotype,gene
OSTM1,gender,0,0.000151078176747148,0.997057031853078,phenotype,gene
CD164,(Intercept),-1.64144363398567e-17,0.000738542079500866,0.993722329681239,(Intercept),gene
CD164,age,0.0271761306940643,0.000738542079500866,0.993722329681239,phenotype,gene
CD164,gender,0,0.000738542079500866,0.993722329681239,phenotype,gene
CCDC112,(Intercept),2.41155457739452e-17,0.00462859995717655,0.985472597784244,(Intercept),gene
CCDC112,age,0.0680338148068779,0.00462859995717655,0.985472597784244,phenotype,gene
CCDC112,gender,0,0.00462859995717655,0.985472597784244,phenotype,gene
ZNF595,(Intercept),-1.63865503465707e-17,1.66143851479704e-05,0.997296610163798,(Intercept),gene
ZNF595,age,0.00407607472306022,1.66143851479704e-05,0.997296610163798,phenotype,gene
ZNF595,gender,0,1.66143851479704e-05,0.997296610163798,phenotype,gene
DTYMK,(Intercept),1.12691531350962e-17,0.00198860924610906,0.993470558062805,(Intercept),gene
DTYMK,age,-0.0445938252015799,0.00198860924610906,0.993470558062805,phenotype,gene
DTYMK,gender,0,0.00198860924610906,0.993470558062805,phenotype,gene
PASK,(Intercept),2.10468819834153e-17,0.00617832572324399,0.981967585193473,(Intercept),gene
PASK,age,-0.0786023264493106,0.00617832572324399,0.981967585193473,phenotype,gene
PASK,gender,0,0.00617832572324399,0.981967585193473,phenotype,gene
ZNF346,(Intercept),-2.95991359797954e-17,0.00596340120032277,0.986701298405389,(Intercept),gene
ZNF346,age,0.0772230613244694,0.00596340120032277,0.986701298405389,phenotype,gene
ZNF346,gender,0,0.00596340120032277,0.986701298405389,phenotype,gene
ARPC1B,(Intercept),-6.54823321210192e-18,0.00986740442573049,0.984534165252963,(Intercept),gene
ARPC1B,age,-0.061465702079777,0.00986740442573049,0.984534165252963,phenotype,gene
ARPC1B,gender,-0.0755655997184777,0.00986740442573049,0.984534165252963,phenotype,gene
LHFPL2,(Intercept),-2.58299065250153e-17,0.0255879860084815,0.96420092262991,(Intercept),gene
LHFPL2,age,-0.142664617432709,0.0255879860084815,0.96420092262991,phenotype,gene
LHFPL2,gender,0.0738744218584551,0.0255879860084815,0.96420092262991,phenotype,gene
FSTL3,(Intercept),-1.69349844452132e-18,0.00277752082930762,0.987252412263689,(Intercept),gene
FSTL3,age,-0.0342354224986372,0.00277752082930762,0.987252412263689,phenotype,gene
FSTL3,gender,0.0419304414548796,0.00277752082930762,0.987252412263689,phenotype,gene
UBE4B,(Intercept),2.77468116620985e-17,0.00905366959652893,0.981911066589941,(Intercept),gene
UBE4B,age,-0.077425520281294,0.00905366959652893,0.981911066589941,phenotype,gene
UBE4B,gender,-0.0539663582743174,0.00905366959652893,0.981911066589941,phenotype,gene
MCRS1,(Intercept),2.71170511944857e-17,0.00234476018634557,0.99188478985414,(Intercept),gene
MCRS1,age,-0.0125190858185261,0.00234476018634557,0.99188478985414,phenotype,gene
MCRS1,gender,0.046693193993614,0.00234476018634557,0.99188478985414,phenotype,gene
SEC23B,(Intercept),-1.17935834518193e-17,0.00113350300922467,0.995834488536008,(Intercept),gene
SEC23B,age,0.0336675364293955,0.00113350300922467,0.995834488536008,phenotype,gene
SEC23B,gender,0,0.00113350300922467,0.995834488536008,phenotype,gene
UNC13B,(Intercept),1.11694998820887e-18,0.00601647059817916,0.989658567951654,(Intercept),gene
UNC13B,age,0.0542938882645219,0.00601647059817916,0.989658567951654,phenotype,gene
UNC13B,gender,0.0560052291073439,0.00601647059817916,0.989658567951654,phenotype,gene
SEMA4B,(Intercept),-1.46045763163837e-17,0.00319682235372118,0.988825010238221,(Intercept),gene
SEMA4B,age,-0.0565404488284377,0.00319682235372118,0.988825010238221,phenotype,gene
SEMA4B,gender,0,0.00319682235372118,0.988825010238221,phenotype,gene
YKT6,(Intercept),1.71893604252155e-17,3.27068668933516e-05,0.997537753021652,(Intercept),gene
YKT6,age,0,3.27068668933516e-05,0.997537753021652,phenotype,gene
YKT6,gender,-0.00571899177245007,3.27068668933516e-05,0.997537753021652,phenotype,gene
FARS2,(Intercept),2.28727943304271e-17,0.0023998952733225,0.990364117032169,(Intercept),gene
FARS2,age,0,0.0023998952733225,0.990364117032169,phenotype,gene
FARS2,gender,-0.0489887259818267,0.0023998952733225,0.990364117032169,phenotype,gene
ACOT2,(Intercept),7.22011371329387e-18,0.00788503386221902,0.987554689198021,(Intercept),gene
ACOT2,age,0.0450180720653658,0.00788503386221902,0.987554689198021,phenotype,gene
ACOT2,gender,-0.0777913862473768,0.00788503386221902,0.987554689198021,phenotype,gene
GLIPR1,(Intercept),2.66685494543304e-17,0.0145385323957283,0.968182385454348,(Intercept),gene
GLIPR1,age,-0.120575836699267,0.0145385323957283,0.968182385454348,phenotype,gene
GLIPR1,gender,0,0.0145385323957283,0.968182385454348,phenotype,gene
IFT27,(Intercept),3.96394688675014e-18,0.00062426142939388,0.99617739984881,(Intercept),gene
IFT27,age,0,0.00062426142939388,0.99617739984881,phenotype,gene
IFT27,gender,-0.0249852242214049,0.00062426142939388,0.99617739984881,phenotype,gene
KRR1,(Intercept),-3.13091713470651e-17,0.00636399069270278,0.985264122289272,(Intercept),gene
KRR1,age,0.00518426991972041,0.00636399069270278,0.985264122289272,phenotype,gene
KRR1,gender,0.0794883246926553,0.00636399069270278,0.985264122289272,phenotype,gene
PLCD3,(Intercept),-2.88333808414924e-17,1.42295079684847e-05,0.997226044146027,(Intercept),gene
PLCD3,age,-0.00377220200525961,1.42295079684847e-05,0.997226044146027,phenotype,gene
PLCD3,gender,0,1.42295079684847e-05,0.997226044146027,phenotype,gene
EARS2,(Intercept),-1.18699819398e-17,0.0181464006368057,0.968387476156955,(Intercept),gene
EARS2,age,0.131533124192316,0.0181464006368057,0.968387476156955,phenotype,gene
EARS2,gender,-0.035982868328628,0.0181464006368057,0.968387476156955,phenotype,gene
C19orf47,(Intercept),4.98728219423314e-18,0.00753187372252608,0.98415622960226,(Intercept),gene
C19orf47,age,-0.0867863682989793,0.00753187372252608,0.98415622960226,phenotype,gene
C19orf47,gender,0,0.00753187372252608,0.98415622960226,phenotype,gene
CNP,(Intercept),2.85532947414218e-18,8.20246831873211e-05,0.99713934073275,(Intercept),gene
CNP,age,-0.00905674793661175,8.20246831873211e-05,0.99713934073275,phenotype,gene
CNP,gender,0,8.20246831873211e-05,0.99713934073275,phenotype,gene
ATXN7L2,(Intercept),3.2640986582923e-17,2.391865923575e-05,0.996894524322786,(Intercept),gene
ATXN7L2,age,-0.00489067063251555,2.391865923575e-05,0.996894524322786,phenotype,gene
ATXN7L2,gender,0,2.391865923575e-05,0.996894524322786,phenotype,gene
NUDT16,(Intercept),7.48353373434566e-18,0.0130249032409297,0.974358670447439,(Intercept),gene
NUDT16,age,0.109789615602176,0.0130249032409297,0.974358670447439,phenotype,gene
NUDT16,gender,-0.035697568454895,0.0130249032409297,0.974358670447439,phenotype,gene
COX15,(Intercept),4.31332046839697e-17,6.44039766838812e-05,0.99605995055584,(Intercept),gene
COX15,age,0.00802520882493915,6.44039766838812e-05,0.99605995055584,phenotype,gene
COX15,gender,0,6.44039766838812e-05,0.99605995055584,phenotype,gene
CSE1L,(Intercept),9.40671289572681e-18,0.00149036285405489,0.993581920810673,(Intercept),gene
CSE1L,age,-0.0386052179640899,0.00149036285405489,0.993581920810673,phenotype,gene
CSE1L,gender,0,0.00149036285405489,0.993581920810673,phenotype,gene
PRICKLE1,(Intercept),-3.40202422287291e-18,0.00839069533345333,0.980686849207558,(Intercept),gene
PRICKLE1,age,-0.0916007387167447,0.00839069533345333,0.980686849207558,phenotype,gene
PRICKLE1,gender,0,0.00839069533345333,0.980686849207558,phenotype,gene
CPNE8,(Intercept),-3.81337566732702e-18,0.00347309522985356,0.988559980228491,(Intercept),gene
CPNE8,age,0,0.00347309522985356,0.988559980228491,phenotype,gene
CPNE8,gender,-0.0589329723487078,0.00347309522985356,0.988559980228491,phenotype,gene
TMC8,(Intercept),1.74660852875613e-17,0.00205546912267737,0.992034937646929,(Intercept),gene
TMC8,age,-0.0096348291530916,0.00205546912267737,0.992034937646929,phenotype,gene
TMC8,gender,-0.0441574957238553,0.00205546912267737,0.992034937646929,phenotype,gene
SHISA4,(Intercept),-2.08544273652906e-17,0.000256878853804872,0.995823642904357,(Intercept),gene
SHISA4,age,0.0160274406504867,0.000256878853804872,0.995823642904357,phenotype,gene
SHISA4,gender,0,0.000256878853804872,0.995823642904357,phenotype,gene
FBXO41,(Intercept),7.19220744780385e-19,0.00124903736371421,0.994361171998266,(Intercept),gene
FBXO41,age,0.035341722704393,0.00124903736371421,0.994361171998266,phenotype,gene
FBXO41,gender,0,0.00124903736371421,0.994361171998266,phenotype,gene
SNRNP48,(Intercept),1.44558402838636e-18,0.000576031389294031,0.995430769939745,(Intercept),gene
SNRNP48,age,0,0.000576031389294031,0.995430769939745,phenotype,gene
SNRNP48,gender,-0.0240006539347167,0.000576031389294031,0.995430769939745,phenotype,gene
FAM120AOS,(Intercept),2.89337799583757e-17,0.0210280692782006,0.972048287014473,(Intercept),gene
FAM120AOS,age,0.134919107852603,0.0210280692782006,0.972048287014473,phenotype,gene
FAM120AOS,gender,-0.0525072470755011,0.0210280692782006,0.972048287014473,phenotype,gene
ZNF846,(Intercept),-8.93769104606321e-18,0.0048446354885917,0.990567069099132,(Intercept),gene
ZNF846,age,0.0293834368408283,0.0048446354885917,0.990567069099132,phenotype,gene
ZNF846,gender,-0.0636876915946746,0.0048446354885917,0.990567069099132,phenotype,gene
TRDMT1,(Intercept),-2.67508271967467e-18,0.00423144202564267,0.990932152177359,(Intercept),gene
TRDMT1,age,-0.0637567838830303,0.00423144202564267,0.990932152177359,phenotype,gene
TRDMT1,gender,-0.0112145376071211,0.00423144202564267,0.990932152177359,phenotype,gene
DTNA,(Intercept),-2.20142970988969e-17,0.00348970876790539,0.98954215745629,(Intercept),gene
DTNA,age,-0.0294828678216753,0.00348970876790539,0.98954215745629,phenotype,gene
DTNA,gender,0.0515754041861125,0.00348970876790539,0.98954215745629,phenotype,gene
ECE1,(Intercept),2.47072159790288e-17,0.00146869580864251,0.994564630583011,(Intercept),gene
ECE1,age,-0.038323567274492,0.00146869580864251,0.994564630583011,phenotype,gene
ECE1,gender,0,0.00146869580864251,0.994564630583011,phenotype,gene
HIGD2A,(Intercept),-2.39310587512463e-17,0.000126418614252129,0.996273613002134,(Intercept),gene
HIGD2A,age,0,0.000126418614252129,0.996273613002134,phenotype,gene
HIGD2A,gender,-0.0112436032592817,0.000126418614252129,0.996273613002134,phenotype,gene
EGR2,(Intercept),-1.85522252981975e-17,0.0117029953850984,0.971226222350376,(Intercept),gene
EGR2,age,-0.108180383550339,0.0117029953850984,0.971226222350376,phenotype,gene
EGR2,gender,0,0.0117029953850984,0.971226222350376,phenotype,gene
EIF5,(Intercept),1.85515466213173e-17,0.00384879156959053,0.99260014224288,(Intercept),gene
EIF5,age,-0.0610058137513938,0.00384879156959053,0.99260014224288,phenotype,gene
EIF5,gender,-0.0100932241609633,0.00384879156959053,0.99260014224288,phenotype,gene
U2AF1L4,(Intercept),2.36696491573907e-17,0.000131002750692039,0.997444348875541,(Intercept),gene
U2AF1L4,age,-0.0114456433061685,0.000131002750692039,0.997444348875541,phenotype,gene
U2AF1L4,gender,0,0.000131002750692039,0.997444348875541,phenotype,gene
TRIM65,(Intercept),-3.26681370686483e-17,0.000194694788361826,0.994735221875461,(Intercept),gene
TRIM65,age,-0.0139533074345055,0.000194694788361826,0.994735221875461,phenotype,gene
TRIM65,gender,0,0.000194694788361826,0.994735221875461,phenotype,gene
TMEM192,(Intercept),-3.41921608949547e-17,0.00893039176174189,0.981300743736122,(Intercept),gene
TMEM192,age,0.0858806473389098,0.00893039176174189,0.981300743736122,phenotype,gene
TMEM192,gender,-0.0392730602462777,0.00893039176174189,0.981300743736122,phenotype,gene
ESRRA,(Intercept),2.08352716549274e-19,0.00188071501456778,0.993062333715595,(Intercept),gene
ESRRA,age,-0.0407048360142628,0.00188071501456778,0.993062333715595,phenotype,gene
ESRRA,gender,-0.0139718840655873,0.00188071501456778,0.993062333715595,phenotype,gene
ETFDH,(Intercept),-5.79286684353786e-19,0.000915557021685353,0.994570463546061,(Intercept),gene
ETFDH,age,0.0302581728081084,0.000915557021685353,0.994570463546061,phenotype,gene
ETFDH,gender,0,0.000915557021685353,0.994570463546061,phenotype,gene
BPTF,(Intercept),2.86245750153466e-17,0.0140910322654208,0.978504981378631,(Intercept),gene
BPTF,age,-0.116970323469343,0.0140910322654208,0.978504981378631,phenotype,gene
BPTF,gender,0.0263147685134065,0.0140910322654208,0.978504981378631,phenotype,gene
FEN1,(Intercept),-1.63494785944094e-17,4.84568741513243e-05,0.996807603269082,(Intercept),gene
FEN1,age,-0.00696109719450349,4.84568741513243e-05,0.996807603269082,phenotype,gene
FEN1,gender,0,4.84568741513243e-05,0.996807603269082,phenotype,gene
DAAM1,(Intercept),3.5156248353139e-17,0.00372876824922961,0.988784581905493,(Intercept),gene
DAAM1,age,0,0.00372876824922961,0.988784581905493,phenotype,gene
DAAM1,gender,0.0610636409758672,0.00372876824922961,0.988784581905493,phenotype,gene
TBC1D9B,(Intercept),-1.56503065212652e-17,6.42735764701589e-05,0.996317004417288,(Intercept),gene
TBC1D9B,age,0,6.42735764701589e-05,0.996317004417288,phenotype,gene
TBC1D9B,gender,0.00801708029585328,6.42735764701589e-05,0.996317004417288,phenotype,gene
RHOBTB2,(Intercept),8.20141751148788e-18,0.000108569366203332,0.996340817609114,(Intercept),gene
RHOBTB2,age,0,0.000108569366203332,0.996340817609114,phenotype,gene
RHOBTB2,gender,0.0104196624802981,0.000108569366203332,0.996340817609114,phenotype,gene
COBL,(Intercept),1.47347261288996e-17,0.00622889130157271,0.98664291692937,(Intercept),gene
COBL,age,-0.0789233254594148,0.00622889130157271,0.98664291692937,phenotype,gene
COBL,gender,0,0.00622889130157271,0.98664291692937,phenotype,gene
PSD3,(Intercept),5.09528435820584e-18,0.00371070766639026,0.98914337484389,(Intercept),gene
PSD3,age,-0.0146044811931294,0.00371070766639026,0.98914337484389,phenotype,gene
PSD3,gender,0.0594409930531611,0.00371070766639026,0.98914337484389,phenotype,gene
EXOSC2,(Intercept),2.02903327225042e-17,0.00999218741389571,0.97967617317728,(Intercept),gene
EXOSC2,age,-0.099960929436934,0.00999218741389571,0.97967617317728,phenotype,gene
EXOSC2,gender,0,0.00999218741389571,0.97967617317728,phenotype,gene
FOSB,(Intercept),3.27074629201547e-18,0.00213158350940262,0.991404141074662,(Intercept),gene
FOSB,age,-0.0461690752495935,0.00213158350940262,0.991404141074662,phenotype,gene
FOSB,gender,0,0.00213158350940262,0.991404141074662,phenotype,gene
FOSL2,(Intercept),2.19628378497821e-17,0.000178295745586337,0.996051074418755,(Intercept),gene
FOSL2,age,0,0.000178295745586337,0.996051074418755,phenotype,gene
FOSL2,gender,0.0133527429985879,0.000178295745586337,0.996051074418755,phenotype,gene
SH3BP1,(Intercept),-4.54689461875249e-19,0.00479117989270337,0.986739416517753,(Intercept),gene
SH3BP1,age,-0.0670977643151871,0.00479117989270337,0.986739416517753,phenotype,gene
SH3BP1,gender,-0.014482000804927,0.00479117989270337,0.986739416517753,phenotype,gene
PANX1,(Intercept),1.31051414206394e-19,0.000621756164009396,0.995135976445351,(Intercept),gene
PANX1,age,0,0.000621756164009396,0.995135976445351,phenotype,gene
PANX1,gender,-0.0249350388812489,0.000621756164009396,0.995135976445351,phenotype,gene
PELI3,(Intercept),1.66059591357117e-19,0.0112318626549617,0.982872261187857,(Intercept),gene
PELI3,age,0.0712626513168314,0.0112318626549617,0.982872261187857,phenotype,gene
PELI3,gender,0.0769489940786867,0.0112318626549617,0.982872261187857,phenotype,gene
BLOC1S1,(Intercept),9.30938792620857e-18,0.00344153851992484,0.992766499829012,(Intercept),gene
BLOC1S1,age,0.0586646275017991,0.00344153851992484,0.992766499829012,phenotype,gene
BLOC1S1,gender,0,0.00344153851992484,0.992766499829012,phenotype,gene
SLC25A42,(Intercept),8.21181867679804e-18,0.000224302429948835,0.997259479188677,(Intercept),gene
SLC25A42,age,0,0.000224302429948835,0.997259479188677,phenotype,gene
SLC25A42,gender,0.0149767296146,0.000224302429948835,0.997259479188677,phenotype,gene
GRB7,(Intercept),-2.53854178399185e-18,0.00027894695660793,0.994968731105086,(Intercept),gene
GRB7,age,-0.0167017052006054,0.00027894695660793,0.994968731105086,phenotype,gene
GRB7,gender,0,0.00027894695660793,0.994968731105086,phenotype,gene
ALG5,(Intercept),7.61273366707514e-18,0.00188390760731337,0.991755348265243,(Intercept),gene
ALG5,age,-0.00351011678830111,0.00188390760731337,0.991755348265243,phenotype,gene
ALG5,gender,-0.0431067714411931,0.00188390760731337,0.991755348265243,phenotype,gene
SLC40A1,(Intercept),3.97798387497984e-18,0.00086070382946574,0.994338632602213,(Intercept),gene
SLC40A1,age,0,0.00086070382946574,0.994338632602213,phenotype,gene
SLC40A1,gender,0.0293377543357657,0.00086070382946574,0.994338632602213,phenotype,gene
HLX,(Intercept),2.76531419924327e-17,3.06200729491716e-05,0.997304264078758,(Intercept),gene
HLX,age,-0.00440972288075423,3.06200729491716e-05,0.997304264078758,phenotype,gene
HLX,gender,-0.00322924019079629,3.06200729491716e-05,0.997304264078758,phenotype,gene
IFI16,(Intercept),3.42801993682978e-17,0.000884497567773401,0.995261398053922,(Intercept),gene
IFI16,age,-0.0297405038251439,0.000884497567773401,0.995261398053922,phenotype,gene
IFI16,gender,0,0.000884497567773401,0.995261398053922,phenotype,gene
INPP5A,(Intercept),-3.29276183146254e-17,0.00353945390686232,0.991533277386141,(Intercept),gene
INPP5A,age,0.0295924130047269,0.00353945390686232,0.991533277386141,phenotype,gene
INPP5A,gender,-0.052719758828292,0.00353945390686232,0.991533277386141,phenotype,gene
EIF3E,(Intercept),-7.69963686414544e-18,0.00533379772063682,0.989286155029575,(Intercept),gene
EIF3E,age,-0.0543626071859894,0.00533379772063682,0.989286155029575,phenotype,gene
EIF3E,gender,0.0515306002828144,0.00533379772063682,0.989286155029575,phenotype,gene
IRF1,(Intercept),-1.83747565283415e-19,0.000826066481762704,0.994617717310483,(Intercept),gene
IRF1,age,0,0.000826066481762704,0.994617717310483,phenotype,gene
IRF1,gender,-0.0287413723013134,0.000826066481762704,0.994617717310483,phenotype,gene
ITGB4,(Intercept),-2.06790258093812e-18,0.00210689379860245,0.990951966782972,(Intercept),gene
ITGB4,age,0,0.00210689379860245,0.990951966782972,phenotype,gene
ITGB4,gender,-0.0459009128297297,0.00210689379860245,0.990951966782972,phenotype,gene
STT3A,(Intercept),3.10298370343978e-17,0.00712792480899588,0.987174318277426,(Intercept),gene
STT3A,age,0.0375320000943324,0.00712792480899588,0.987174318277426,phenotype,gene
STT3A,gender,-0.0760966227506226,0.00712792480899588,0.987174318277426,phenotype,gene
TMEM205,(Intercept),-6.5914770264935e-18,0.0142838818656251,0.979081041808138,(Intercept),gene
TMEM205,age,0.0682701630082313,0.0142838818656251,0.979081041808138,phenotype,gene
TMEM205,gender,0.0951189631464465,0.0142838818656251,0.979081041808138,phenotype,gene
KCNJ2,(Intercept),3.37258610310301e-18,0.00257450718465216,0.993369635519441,(Intercept),gene
KCNJ2,age,-0.0333426971944105,0.00257450718465216,0.993369635519441,phenotype,gene
KCNJ2,gender,-0.0373392205485581,0.00257450718465216,0.993369635519441,phenotype,gene
ARF4,(Intercept),-2.46475879426214e-17,0.00557234863091074,0.985450166479236,(Intercept),gene
ARF4,age,0.0567911494369531,0.00557234863091074,0.985450166479236,phenotype,gene
ARF4,gender,-0.0506751266755629,0.00557234863091074,0.985450166479236,phenotype,gene
RHOG,(Intercept),-2.16101715711055e-17,4.20826261588857e-05,0.996885515292186,(Intercept),gene
RHOG,age,0,4.20826261588857e-05,0.996885515292186,phenotype,gene
RHOG,gender,-0.00648711231280033,4.20826261588857e-05,0.996885515292186,phenotype,gene
LTA4H,(Intercept),-1.00291424893087e-17,0.00649215147477599,0.986888405844326,(Intercept),gene
LTA4H,age,0.0621618662533532,0.00649215147477599,0.986888405844326,phenotype,gene
LTA4H,gender,-0.052969484974829,0.00649215147477599,0.986888405844326,phenotype,gene
ASAH1,(Intercept),1.82422533705571e-17,0.0133130892976294,0.981128553195798,(Intercept),gene
ASAH1,age,0.103073068903472,0.0133130892976294,0.981128553195798,phenotype,gene
ASAH1,gender,-0.0538170498067794,0.0133130892976294,0.981128553195798,phenotype,gene
MNDA,(Intercept),-6.5142249766582e-18,0.000245049423396316,0.994574037204006,(Intercept),gene
MNDA,age,0,0.000245049423396316,0.994574037204006,phenotype,gene
MNDA,gender,-0.0156540545353693,0.000245049423396316,0.994574037204006,phenotype,gene
NBN,(Intercept),-9.52540220003095e-18,0.00455879238789889,0.991519044166467,(Intercept),gene
NBN,age,0.0544123658612302,0.00455879238789889,0.991519044166467,phenotype,gene
NBN,gender,0.0379684538992809,0.00455879238789889,0.991519044166467,phenotype,gene
PHOSPHO2,(Intercept),-1.87644067824636e-17,0.0106960971299134,0.981832244407137,(Intercept),gene
PHOSPHO2,age,0.0962724037469942,0.0106960971299134,0.981832244407137,phenotype,gene
PHOSPHO2,gender,0.034143370854537,0.0106960971299134,0.981832244407137,phenotype,gene
ATP5A1,(Intercept),-1.6985675267771e-17,0.000145733627972041,0.996554625425736,(Intercept),gene
ATP5A1,age,-0.01207201838849,0.000145733627972041,0.996554625425736,phenotype,gene
ATP5A1,gender,0,0.000145733627972041,0.996554625425736,phenotype,gene
P2RX4,(Intercept),-1.2872905572883e-17,0.00224751497559172,0.990879109771946,(Intercept),gene
P2RX4,age,0.0474079632086395,0.00224751497559172,0.990879109771946,phenotype,gene
P2RX4,gender,0,0.00224751497559172,0.990879109771946,phenotype,gene
DEF6,(Intercept),-2.91099696474666e-17,0.000265730203520735,0.995440215513023,(Intercept),gene
DEF6,age,-0.0163012331901833,0.000265730203520735,0.995440215513023,phenotype,gene
DEF6,gender,0,0.000265730203520735,0.995440215513023,phenotype,gene
ZNF691,(Intercept),1.83510877198641e-17,0.00133547668135216,0.994521235193503,(Intercept),gene
ZNF691,age,-0.0365441743832332,0.00133547668135216,0.994521235193503,phenotype,gene
ZNF691,gender,0,0.00133547668135216,0.994521235193503,phenotype,gene
PCNA,(Intercept),8.58487658923199e-18,0.00169054795428956,0.993398970135562,(Intercept),gene
PCNA,age,-0.0328542785938797,0.00169054795428956,0.993398970135562,phenotype,gene
PCNA,gender,0.0253845174486202,0.00169054795428956,0.993398970135562,phenotype,gene
RAPGEFL1,(Intercept),-1.83921459525898e-17,0.00251240575603648,0.989859263284287,(Intercept),gene
RAPGEFL1,age,-0.00605385668152849,0.00251240575603648,0.989859263284287,phenotype,gene
RAPGEFL1,gender,0.0500346551258684,0.00251240575603648,0.989859263284287,phenotype,gene
VRK3,(Intercept),-1.36573243835891e-18,0.000349250173123913,0.996332938854795,(Intercept),gene
VRK3,age,0.0186882362229268,0.000349250173123913,0.996332938854795,phenotype,gene
VRK3,gender,0,0.000349250173123913,0.996332938854795,phenotype,gene
RNF181,(Intercept),6.50543993406596e-18,2.30724101330941e-05,0.997427835655194,(Intercept),gene
RNF181,age,0,2.30724101330941e-05,0.997427835655194,phenotype,gene
RNF181,gender,-0.00480337486909923,2.30724101330941e-05,0.997427835655194,phenotype,gene
MRPL51,(Intercept),9.35081949841308e-18,0.0139435536267885,0.978871097682814,(Intercept),gene
MRPL51,age,-0.0728785984668396,0.0139435536267885,0.978871097682814,phenotype,gene
MRPL51,gender,-0.0917815289820088,0.0139435536267885,0.978871097682814,phenotype,gene
C1RL,(Intercept),-9.20313225442311e-18,5.3147462300582e-06,0.997570233215824,(Intercept),gene
C1RL,age,0,5.3147462300582e-06,0.997570233215824,phenotype,gene
C1RL,gender,0.00230537333854155,5.3147462300582e-06,0.997570233215824,phenotype,gene
GMPR2,(Intercept),2.39970506099846e-17,3.81811443385201e-09,0.997697032831934,(Intercept),gene
GMPR2,age,0,3.81811443385201e-09,0.997697032831934,phenotype,gene
GMPR2,gender,-6.17908928067236e-05,3.81811443385201e-09,0.997697032831934,phenotype,gene
FAM13B,(Intercept),7.35364572958602e-18,0.00170483244117121,0.993585339449832,(Intercept),gene
FAM13B,age,0,0.00170483244117121,0.993585339449832,phenotype,gene
FAM13B,gender,0.0412896166265953,0.00170483244117121,0.993585339449832,phenotype,gene
PDE4A,(Intercept),5.41477032885102e-18,1.49155466589084e-05,0.997152836136502,(Intercept),gene
PDE4A,age,0.00386206507699034,1.49155466589084e-05,0.997152836136502,phenotype,gene
PDE4A,gender,0,1.49155466589084e-05,0.997152836136502,phenotype,gene
PDE9A,(Intercept),-1.60398979113429e-17,0.00518219742721828,0.987779709577169,(Intercept),gene
PDE9A,age,-0.0572219816647638,0.00518219742721828,0.987779709577169,phenotype,gene
PDE9A,gender,-0.041195908885017,0.00518219742721828,0.987779709577169,phenotype,gene
PDGFRB,(Intercept),3.85395148781256e-18,0.00017620878152965,0.997114209427619,(Intercept),gene
PDGFRB,age,-0.0132732668179059,0.00017620878152965,0.997114209427619,phenotype,gene
PDGFRB,gender,-3.97365135496259e-05,0.00017620878152965,0.997114209427619,phenotype,gene
EMCN,(Intercept),3.85560478855466e-17,0.00481760078592454,0.985240330136335,(Intercept),gene
EMCN,age,-0.0694089388041954,0.00481760078592454,0.985240330136335,phenotype,gene
EMCN,gender,0,0.00481760078592454,0.985240330136335,phenotype,gene
DNAJB11,(Intercept),1.17003865088471e-17,0.00450000667685355,0.988610612889028,(Intercept),gene
DNAJB11,age,-0.0670820890913033,0.00450000667685355,0.988610612889028,phenotype,gene
DNAJB11,gender,0,0.00450000667685355,0.988610612889028,phenotype,gene
TUBA8,(Intercept),-7.50026844142155e-18,0.00298366905783293,0.987802181042086,(Intercept),gene
TUBA8,age,-0.0546229718875944,0.00298366905783293,0.987802181042086,phenotype,gene
TUBA8,gender,0,0.00298366905783293,0.987802181042086,phenotype,gene
PFKFB3,(Intercept),1.82852048418256e-18,0.012901484226367,0.97959517388536,(Intercept),gene
PFKFB3,age,0.0572776321509171,0.012901484226367,0.97959517388536,phenotype,gene
PFKFB3,gender,-0.0977976750585445,0.012901484226367,0.97959517388536,phenotype,gene
PMS2,(Intercept),1.10673586624626e-17,0.00607907387924734,0.989276055545726,(Intercept),gene
PMS2,age,0.0563606048579591,0.00607907387924734,0.989276055545726,phenotype,gene
PMS2,gender,-0.0564378512543097,0.00607907387924734,0.989276055545726,phenotype,gene
NANS,(Intercept),3.08550798265232e-17,5.58056090361093e-05,0.997325560931406,(Intercept),gene
NANS,age,-0.00747031518987715,5.58056090361093e-05,0.997325560931406,phenotype,gene
NANS,gender,0,5.58056090361093e-05,0.997325560931406,phenotype,gene
PON2,(Intercept),1.29111877804973e-17,1.24582704862085e-06,0.99766935471657,(Intercept),gene
PON2,age,0.00111616622804171,1.24582704862085e-06,0.99766935471657,phenotype,gene
PON2,gender,0,1.24582704862085e-06,0.99766935471657,phenotype,gene
MRPL50,(Intercept),2.40632594429635e-17,0.00328325745350315,0.986457457452379,(Intercept),gene
MRPL50,age,0,0.00328325745350315,0.986457457452379,phenotype,gene
MRPL50,gender,-0.0572997159984511,0.00328325745350315,0.986457457452379,phenotype,gene
MED1,(Intercept),-3.56022682281198e-17,0.00229608646437966,0.990400963838185,(Intercept),gene
MED1,age,0,0.00229608646437966,0.990400963838185,phenotype,gene
MED1,gender,0.0479174964327192,0.00229608646437966,0.990400963838185,phenotype,gene
EPDR1,(Intercept),-3.84757032552596e-17,2.61982525495823e-05,0.996996166646407,(Intercept),gene
EPDR1,age,0,2.61982525495823e-05,0.996996166646407,phenotype,gene
EPDR1,gender,0.00511842285763714,2.61982525495823e-05,0.996996166646407,phenotype,gene
CNNM2,(Intercept),1.50170278207364e-17,0.00984677885397738,0.981697035818195,(Intercept),gene
CNNM2,age,-0.0992309369802452,0.00984677885397738,0.981697035818195,phenotype,gene
CNNM2,gender,0,0.00984677885397738,0.981697035818195,phenotype,gene
TMEM104,(Intercept),1.64282869834217e-17,1.12162289644959e-05,0.996779840508664,(Intercept),gene
TMEM104,age,-0.00323685142482786,1.12162289644959e-05,0.996779840508664,phenotype,gene
TMEM104,gender,0.000861942246495078,1.12162289644959e-05,0.996779840508664,phenotype,gene
RPRD1A,(Intercept),-2.44854971344333e-17,0.000311750835092683,0.995930794290189,(Intercept),gene
RPRD1A,age,0.0176564672313768,0.000311750835092683,0.995930794290189,phenotype,gene
RPRD1A,gender,0,0.000311750835092683,0.995930794290189,phenotype,gene
RAVER2,(Intercept),1.9382095779238e-17,0.00699760036953992,0.985229410177556,(Intercept),gene
RAVER2,age,-0.0753565787676229,0.00699760036953992,0.985229410177556,phenotype,gene
RAVER2,gender,0.0378959735194215,0.00699760036953992,0.985229410177556,phenotype,gene
ENOSF1,(Intercept),-7.29804393473445e-18,0.00066122743894683,0.996132549618805,(Intercept),gene
ENOSF1,age,0.0257143430588228,0.00066122743894683,0.996132549618805,phenotype,gene
ENOSF1,gender,0,0.00066122743894683,0.996132549618805,phenotype,gene
CHD7,(Intercept),1.6560207049906e-17,0.000153831132158157,0.996510313508419,(Intercept),gene
CHD7,age,-0.0069768781057045,0.000153831132158157,0.996510313508419,phenotype,gene
CHD7,gender,-0.00979687255854323,0.000153831132158157,0.996510313508419,phenotype,gene
NPLOC4,(Intercept),-9.55028069882836e-19,0.000117771050273488,0.996042790239436,(Intercept),gene
NPLOC4,age,-0.00256786101645443,0.000117771050273488,0.996042790239436,phenotype,gene
NPLOC4,gender,0.0106520483097445,0.000117771050273488,0.996042790239436,phenotype,gene
NSUN5,(Intercept),-3.57259113310049e-20,0.000274638001718429,0.996061968164257,(Intercept),gene
NSUN5,age,0,0.000274638001718429,0.996061968164257,phenotype,gene
NSUN5,gender,-0.0165722056986519,0.000274638001718429,0.996061968164257,phenotype,gene
HHAT,(Intercept),2.00548416662309e-17,0.00104210882967354,0.99417769231273,(Intercept),gene
HHAT,age,0.0322817104514854,0.00104210882967354,0.99417769231273,phenotype,gene
HHAT,gender,0,0.00104210882967354,0.99417769231273,phenotype,gene
DDX28,(Intercept),-1.81672858575026e-17,0.000313884075497378,0.996698214423593,(Intercept),gene
DDX28,age,-0.0177167738456351,0.000313884075497378,0.996698214423593,phenotype,gene
DDX28,gender,0,0.000313884075497378,0.996698214423593,phenotype,gene
PRKCI,(Intercept),-2.48878116833936e-18,0.00379669798221512,0.988976271787894,(Intercept),gene
PRKCI,age,-0.0602549142826559,0.00379669798221512,0.988976271787894,phenotype,gene
PRKCI,gender,-0.0126013503489793,0.00379669798221512,0.988976271787894,phenotype,gene
PKN1,(Intercept),-3.5693292207438e-17,0.00141555430266224,0.994480630285502,(Intercept),gene
PKN1,age,-0.0376238528418108,0.00141555430266224,0.994480630285502,phenotype,gene
PKN1,gender,0,0.00141555430266224,0.994480630285502,phenotype,gene
LRRC8A,(Intercept),4.18541148042131e-17,0.0289837247004422,0.960093791418956,(Intercept),gene
LRRC8A,age,-0.148757733165513,0.0289837247004422,0.960093791418956,phenotype,gene
LRRC8A,gender,0.0861413664977324,0.0289837247004422,0.960093791418956,phenotype,gene
TMEM167B,(Intercept),-8.41402648029445e-18,1.09107301564677e-05,0.997312747171435,(Intercept),gene
TMEM167B,age,0,1.09107301564677e-05,0.997312747171435,phenotype,gene
TMEM167B,gender,0.00330313943945267,1.09107301564677e-05,0.997312747171435,phenotype,gene
PARP6,(Intercept),-2.1437322622898e-17,8.0849511515925e-05,0.996780816741763,(Intercept),gene
PARP6,age,0,8.0849511515925e-05,0.996780816741763,phenotype,gene
PARP6,gender,-0.00899163564185766,8.0849511515925e-05,0.996780816741763,phenotype,gene
PSMD8,(Intercept),-2.51707455395169e-17,4.58547820804147e-05,0.997259508250334,(Intercept),gene
PSMD8,age,0.0067716159135331,4.58547820804147e-05,0.997259508250334,phenotype,gene
PSMD8,gender,0,4.58547820804147e-05,0.997259508250334,phenotype,gene
RCN3,(Intercept),1.96968163096621e-17,3.61167428697292e-05,0.99672121024557,(Intercept),gene
RCN3,age,-0.00600972069814639,3.61167428697292e-05,0.99672121024557,phenotype,gene
RCN3,gender,0,3.61167428697292e-05,0.99672121024557,phenotype,gene
ZNF287,(Intercept),7.59026657756482e-18,0.00955595411586868,0.983292526357151,(Intercept),gene
ZNF287,age,-0.0585932738291354,0.00955595411586868,0.983292526357151,phenotype,gene
ZNF287,gender,-0.0796440081550963,0.00955595411586868,0.983292526357151,phenotype,gene
CLK4,(Intercept),2.47880651737881e-17,1.72208951017249e-05,0.997326121452443,(Intercept),gene
CLK4,age,0,1.72208951017249e-05,0.997326121452443,phenotype,gene
CLK4,gender,0.00414980663425719,1.72208951017249e-05,0.997326121452443,phenotype,gene
REXO1,(Intercept),1.93982481653723e-18,0.00198398303999776,0.994130056425374,(Intercept),gene
REXO1,age,0,0.00198398303999776,0.994130056425374,phenotype,gene
REXO1,gender,0.044541924520588,0.00198398303999776,0.994130056425374,phenotype,gene
MTUS1,(Intercept),-9.18128242347951e-18,0.00602363731424229,0.986917501106812,(Intercept),gene
MTUS1,age,0,0.00602363731424229,0.986917501106812,phenotype,gene
MTUS1,gender,-0.077612095154314,0.00602363731424229,0.986917501106812,phenotype,gene
TRMT5,(Intercept),5.28764160069267e-18,0.000301163436194605,0.996507077812803,(Intercept),gene
TRMT5,age,-0.0173540610865182,0.000301163436194605,0.996507077812803,phenotype,gene
TRMT5,gender,0,0.000301163436194605,0.996507077812803,phenotype,gene
DIP2B,(Intercept),3.40236832957067e-17,0.0169590438897475,0.974587177261934,(Intercept),gene
DIP2B,age,0.0746049520497885,0.0169590438897475,0.974587177261934,phenotype,gene
DIP2B,gender,-0.108454040488684,0.0169590438897475,0.974587177261934,phenotype,gene
QSOX1,(Intercept),-1.71267532290894e-18,0.00017980450548609,0.996501127639207,(Intercept),gene
QSOX1,age,0.0134091202353506,0.00017980450548609,0.996501127639207,phenotype,gene
QSOX1,gender,0,0.00017980450548609,0.996501127639207,phenotype,gene
CACHD1,(Intercept),3.64284240444574e-17,0.00560103565461157,0.984992152088694,(Intercept),gene
CACHD1,age,-0.0748400671740183,0.00560103565461157,0.984992152088694,phenotype,gene
CACHD1,gender,0,0.00560103565461157,0.984992152088694,phenotype,gene
WDFY4,(Intercept),1.625670199476e-17,0.00569509284733516,0.990352835784787,(Intercept),gene
WDFY4,age,-0.0443687793599225,0.00569509284733516,0.990352835784787,phenotype,gene
WDFY4,gender,-0.0601078327997825,0.00569509284733516,0.990352835784787,phenotype,gene
SLC25A19,(Intercept),2.66724739952462e-17,0.00566469704497261,0.984873289816235,(Intercept),gene
SLC25A19,age,-0.0630843339070771,0.00566469704497261,0.984873289816235,phenotype,gene
SLC25A19,gender,0.0435645097296753,0.00566469704497261,0.984873289816235,phenotype,gene
PPCDC,(Intercept),-7.27413608727675e-18,0.000238502555886286,0.995287558508573,(Intercept),gene
PPCDC,age,0,0.000238502555886286,0.995287558508573,phenotype,gene
PPCDC,gender,0.0154435279611327,0.000238502555886286,0.995287558508573,phenotype,gene
ELAC2,(Intercept),-2.30698813033757e-17,0.00074435959579546,0.994482613745151,(Intercept),gene
ELAC2,age,0,0.00074435959579546,0.994482613745151,phenotype,gene
ELAC2,gender,-0.0272829543084223,0.00074435959579546,0.994482613745151,phenotype,gene
S100A10,(Intercept),1.6956878449614e-17,0.00020445839962573,0.996389372121171,(Intercept),gene
S100A10,age,-0.0142988950491194,0.00020445839962573,0.996389372121171,phenotype,gene
S100A10,gender,0,0.00020445839962573,0.996389372121171,phenotype,gene
SDF2,(Intercept),2.03511418721621e-17,0.000614521716078207,0.996486365712225,(Intercept),gene
SDF2,age,0.0247895485250984,0.000614521716078207,0.996486365712225,phenotype,gene
SDF2,gender,0,0.000614521716078207,0.996486365712225,phenotype,gene
HS1BP3,(Intercept),-9.9723309020696e-18,0.00748672016012708,0.988353475722373,(Intercept),gene
HS1BP3,age,-0.0556724632535799,0.00748672016012708,0.988353475722373,phenotype,gene
HS1BP3,gender,-0.0650625718645583,0.00748672016012708,0.988353475722373,phenotype,gene
NARFL,(Intercept),-2.41831887376761e-18,0.00138395296749422,0.990721674046436,(Intercept),gene
NARFL,age,0.0372015183493124,0.00138395296749422,0.990721674046436,phenotype,gene
NARFL,gender,0,0.00138395296749422,0.990721674046436,phenotype,gene
C6orf132,(Intercept),4.74886769002528e-18,0.00796326896906355,0.98581741418781,(Intercept),gene
C6orf132,age,0.0725659570051163,0.00796326896906355,0.98581741418781,phenotype,gene
C6orf132,gender,0.0500933186236343,0.00796326896906355,0.98581741418781,phenotype,gene
KIAA0895L,(Intercept),-4.07530430592747e-17,1.70696633447678e-05,0.997359791742881,(Intercept),gene
KIAA0895L,age,-0.00413154491017195,1.70696633447678e-05,0.997359791742881,phenotype,gene
KIAA0895L,gender,0,1.70696633447678e-05,0.997359791742881,phenotype,gene
SOD1,(Intercept),-3.13956266783625e-18,0.00371764080020842,0.992814411830465,(Intercept),gene
SOD1,age,0.0281752661328898,0.00371764080020842,0.992814411830465,phenotype,gene
SOD1,gender,0.0536816734009195,0.00371764080020842,0.992814411830465,phenotype,gene
BRCA1,(Intercept),-2.00107263408211e-17,0.00280462054431107,0.992892212023089,(Intercept),gene
BRCA1,age,0.0326737523383914,0.00280462054431107,0.992892212023089,phenotype,gene
BRCA1,gender,0.0405681121197506,0.00280462054431107,0.992892212023089,phenotype,gene
TAF11,(Intercept),-1.05128737376669e-17,4.28478104169502e-05,0.996906785905746,(Intercept),gene
TAF11,age,-0.00654582389137916,4.28478104169502e-05,0.996906785905746,phenotype,gene
TAF11,gender,0,4.28478104169502e-05,0.996906785905746,phenotype,gene
VPS72,(Intercept),-6.90285556806364e-18,0.000382285337623621,0.99479706503215,(Intercept),gene
VPS72,age,0,0.000382285337623621,0.99479706503215,phenotype,gene
VPS72,gender,-0.0195521184945167,0.000382285337623621,0.99479706503215,phenotype,gene
TCOF1,(Intercept),-3.23062883635267e-17,0.000463547759008166,0.995240573151835,(Intercept),gene
TCOF1,age,0,0.000463547759008166,0.995240573151835,phenotype,gene
TCOF1,gender,0.0215301592889641,0.000463547759008166,0.995240573151835,phenotype,gene
TEAD3,(Intercept),3.48704549142551e-18,4.31752744720662e-05,0.996965980067974,(Intercept),gene
TEAD3,age,-0.00657078948620835,4.31752744720662e-05,0.996965980067974,phenotype,gene
TEAD3,gender,0,4.31752744720662e-05,0.996965980067974,phenotype,gene
TESK1,(Intercept),-3.10212898812482e-17,0.00687075245657435,0.983139889936998,(Intercept),gene
TESK1,age,-0.0828900021508888,0.00687075245657435,0.983139889936998,phenotype,gene
TESK1,gender,0,0.00687075245657435,0.983139889936998,phenotype,gene
TNFAIP3,(Intercept),-5.86199257056189e-18,0.0064916387321321,0.987836719566761,(Intercept),gene
TNFAIP3,age,-0.0489905104255413,0.0064916387321321,0.987836719566761,phenotype,gene
TNFAIP3,gender,-0.063251534295727,0.0064916387321321,0.987836719566761,phenotype,gene
TRAF5,(Intercept),-3.77294525772925e-17,0.00231862100217239,0.99016070191584,(Intercept),gene
TRAF5,age,0.0481520612453132,0.00231862100217239,0.99016070191584,phenotype,gene
TRAF5,gender,0,0.00231862100217239,0.99016070191584,phenotype,gene
C5AR1,(Intercept),2.50890907732806e-17,0.000344015353134453,0.994951365943327,(Intercept),gene
C5AR1,age,0.0185476508791397,0.000344015353134453,0.994951365943327,phenotype,gene
C5AR1,gender,0,0.000344015353134453,0.994951365943327,phenotype,gene
C12orf73,(Intercept),-1.20911142671902e-17,0.00506179248945214,0.987823592051731,(Intercept),gene
C12orf73,age,0.071146275302732,0.00506179248945214,0.987823592051731,phenotype,gene
C12orf73,gender,0,0.00506179248945214,0.987823592051731,phenotype,gene
TUFT1,(Intercept),1.29834160603614e-17,0.00893549356991658,0.981130222665212,(Intercept),gene
TUFT1,age,0.0707784667843192,0.00893549356991658,0.981130222665212,phenotype,gene
TUFT1,gender,0.0608211971531749,0.00893549356991658,0.981130222665212,phenotype,gene
ZNF17,(Intercept),1.05654328305581e-17,0.00058865131794654,0.995394136890258,(Intercept),gene
ZNF17,age,0,0.00058865131794654,0.995394136890258,phenotype,gene
ZNF17,gender,-0.0242621375386947,0.00058865131794654,0.995394136890258,phenotype,gene
ZNF142,(Intercept),-3.33178985911858e-17,0.000960642495007761,0.996087367984328,(Intercept),gene
ZNF142,age,-0.0168442682157506,0.000960642495007761,0.996087367984328,phenotype,gene
ZNF142,gender,0.0263088297981314,0.000960642495007761,0.996087367984328,phenotype,gene
ZNF184,(Intercept),-1.86541473268582e-18,2.81664447659023e-05,0.997409636141675,(Intercept),gene
ZNF184,age,-0.00530720687046419,2.81664447659023e-05,0.997409636141675,phenotype,gene
ZNF184,gender,0,2.81664447659023e-05,0.997409636141675,phenotype,gene
ZNF226,(Intercept),1.43880150049157e-17,3.35339015787156e-06,0.997508818324414,(Intercept),gene
ZNF226,age,0.00183122640814061,3.35339015787156e-06,0.997508818324414,phenotype,gene
ZNF226,gender,0,3.35339015787156e-06,0.997508818324414,phenotype,gene
ATG9A,(Intercept),-1.67400232050186e-17,9.18517919695718e-05,0.996125986923275,(Intercept),gene
ATG9A,age,-0.00374101537141616,9.18517919695718e-05,0.996125986923275,phenotype,gene
ATG9A,gender,0.0088985659632703,9.18517919695718e-05,0.996125986923275,phenotype,gene
PHF23,(Intercept),1.71765080845939e-17,0.00474681480314908,0.988355149139903,(Intercept),gene
PHF23,age,0.0384499810867809,0.00474681480314908,0.988355149139903,phenotype,gene
PHF23,gender,-0.0580474384128926,0.00474681480314908,0.988355149139903,phenotype,gene
ELMO3,(Intercept),-4.0283004406431e-18,0.000618787289640777,0.99416028119359,(Intercept),gene
ELMO3,age,0.0248754354663547,0.000618787289640777,0.99416028119359,phenotype,gene
ELMO3,gender,0,0.000618787289640777,0.99416028119359,phenotype,gene
ZMYM1,(Intercept),2.02515241582161e-17,0.00165953284393022,0.991781907716645,(Intercept),gene
ZMYM1,age,0.0155827865758565,0.00165953284393022,0.991781907716645,phenotype,gene
ZMYM1,gender,0.0370043382036228,0.00165953284393022,0.991781907716645,phenotype,gene
NUDT18,(Intercept),-1.41431627828958e-17,0.00234136429833346,0.99430798642615,(Intercept),gene
NUDT18,age,0.0472707599121339,0.00234136429833346,0.99430798642615,phenotype,gene
NUDT18,gender,0.00932211491443583,0.00234136429833346,0.99430798642615,phenotype,gene
SPSB1,(Intercept),-2.52337496985196e-17,0.00789147880298776,0.983543523982236,(Intercept),gene
SPSB1,age,-0.0849892965112067,0.00789147880298776,0.983543523982236,phenotype,gene
SPSB1,gender,0.0252557104499038,0.00789147880298776,0.983543523982236,phenotype,gene
DDHD1,(Intercept),-6.38780788208747e-18,0.00165864259481433,0.994072051752458,(Intercept),gene
DDHD1,age,-0.0377838327212407,0.00165864259481433,0.994072051752458,phenotype,gene
DDHD1,gender,0.0155903859639783,0.00165864259481433,0.994072051752458,phenotype,gene
ANP32E,(Intercept),-1.31556324722414e-17,0.0169876049781594,0.966616435243447,(Intercept),gene
ANP32E,age,-0.130336506697699,0.0169876049781594,0.966616435243447,phenotype,gene
ANP32E,gender,0,0.0169876049781594,0.966616435243447,phenotype,gene
TIGD6,(Intercept),4.42408106177537e-17,0.000530646195718968,0.995214000707517,(Intercept),gene
TIGD6,age,0,0.000530646195718968,0.995214000707517,phenotype,gene
TIGD6,gender,0.0230357590653959,0.000530646195718968,0.995214000707517,phenotype,gene
QTRT1,(Intercept),-1.3154343170338e-17,1.34402174151802e-05,0.997102522913733,(Intercept),gene
QTRT1,age,0.00366609020827096,1.34402174151802e-05,0.997102522913733,phenotype,gene
QTRT1,gender,0,1.34402174151802e-05,0.997102522913733,phenotype,gene
UCK1,(Intercept),-3.89438541248704e-19,0.000104591663144649,0.996975148110487,(Intercept),gene
UCK1,age,-0.00930154258706912,0.000104591663144649,0.996975148110487,phenotype,gene
UCK1,gender,-0.00414788549756588,0.000104591663144649,0.996975148110487,phenotype,gene
WDR54,(Intercept),1.92512355514062e-17,0.00370975927662969,0.985387949184591,(Intercept),gene
WDR54,age,0.0609077932339507,0.00370975927662969,0.985387949184591,phenotype,gene
WDR54,gender,0,0.00370975927662969,0.985387949184591,phenotype,gene
WDR24,(Intercept),3.91926384760001e-18,0.00725763404209978,0.98526363629691,(Intercept),gene
WDR24,age,0.0851917486737993,0.00725763404209978,0.98526363629691,phenotype,gene
WDR24,gender,0,0.00725763404209978,0.98526363629691,phenotype,gene
ZDHHC12,(Intercept),4.20884568211709e-18,0.00014015654828693,0.996339024025886,(Intercept),gene
ZDHHC12,age,-0.0118387730904402,0.00014015654828693,0.996339024025886,phenotype,gene
ZDHHC12,gender,0,0.00014015654828693,0.996339024025886,phenotype,gene
C1orf198,(Intercept),2.56433138634518e-19,0.00760839476694824,0.98682338702677,(Intercept),gene
C1orf198,age,-0.0712568952144822,0.00760839476694824,0.98682338702677,phenotype,gene
C1orf198,gender,-0.0483757185403491,0.00760839476694824,0.98682338702677,phenotype,gene
SPRYD3,(Intercept),-8.17764758434381e-18,0.000714681095715886,0.994686728687274,(Intercept),gene
SPRYD3,age,0,0.000714681095715886,0.994686728687274,phenotype,gene
SPRYD3,gender,-0.0267335200771594,0.000714681095715886,0.994686728687274,phenotype,gene
MICALL1,(Intercept),-8.08617707238384e-18,0.00464622380212256,0.990222428452835,(Intercept),gene
MICALL1,age,-0.0469534137831418,0.00464622380212256,0.990222428452835,phenotype,gene
MICALL1,gender,-0.0488822618141645,0.00464622380212256,0.990222428452835,phenotype,gene
KCNK5,(Intercept),4.54163033607443e-19,0.000767593826428851,0.993465474448565,(Intercept),gene
KCNK5,age,-0.0277054836887727,0.000767593826428851,0.993465474448565,phenotype,gene
KCNK5,gender,0,0.000767593826428851,0.993465474448565,phenotype,gene
VAMP8,(Intercept),-1.30865774421602e-17,0.0023177119144899,0.991691734805619,(Intercept),gene
VAMP8,age,0.00350907350846277,0.0023177119144899,0.991691734805619,phenotype,gene
VAMP8,gender,-0.048062750928103,0.0023177119144899,0.991691734805619,phenotype,gene
AP1M1,(Intercept),-2.00802762886684e-17,0.00111703222736484,0.9932688433157,(Intercept),gene
AP1M1,age,0,0.00111703222736484,0.9932688433157,phenotype,gene
AP1M1,gender,0.0334220320651639,0.00111703222736484,0.9932688433157,phenotype,gene
SGCE,(Intercept),9.81278749124409e-18,0.0107995797795501,0.984189475813499,(Intercept),gene
SGCE,age,-0.0807457530763281,0.0107995797795501,0.984189475813499,phenotype,gene
SGCE,gender,-0.0633897180590901,0.0107995797795501,0.984189475813499,phenotype,gene
TRIM4,(Intercept),-1.47900364574012e-17,0.000475815883770062,0.995120563567699,(Intercept),gene
TRIM4,age,0.0218132043443888,0.000475815883770062,0.995120563567699,phenotype,gene
TRIM4,gender,0,0.000475815883770062,0.995120563567699,phenotype,gene
AP3D1,(Intercept),-1.68646198844364e-18,7.30451477646559e-05,0.996916961854855,(Intercept),gene
AP3D1,age,0.00854664541002234,7.30451477646559e-05,0.996916961854855,phenotype,gene
AP3D1,gender,0,7.30451477646559e-05,0.996916961854855,phenotype,gene
ESAM,(Intercept),-3.78773859061311e-18,0.00171375379943493,0.992087790023526,(Intercept),gene
ESAM,age,0,0.00171375379943493,0.992087790023526,phenotype,gene
ESAM,gender,0.0413975095801055,0.00171375379943493,0.992087790023526,phenotype,gene
FMNL3,(Intercept),2.50686051774869e-17,4.6004591736663e-05,0.996626952902459,(Intercept),gene
FMNL3,age,-0.00678266848199608,4.6004591736663e-05,0.996626952902459,phenotype,gene
FMNL3,gender,0,4.6004591736663e-05,0.996626952902459,phenotype,gene
ANKRD40,(Intercept),7.9167825498849e-18,0.00495057468690307,0.986364286153008,(Intercept),gene
ANKRD40,age,0.0703157876439027,0.00495057468690307,0.986364286153008,phenotype,gene
ANKRD40,gender,0.00182986492435523,0.00495057468690307,0.986364286153008,phenotype,gene
ITGB1BP1,(Intercept),8.10588470521063e-18,0.0019575209160545,0.993822418642025,(Intercept),gene
ITGB1BP1,age,-0.038848368521335,0.0019575209160545,0.993822418642025,phenotype,gene
ITGB1BP1,gender,-0.0208955727366164,0.0019575209160545,0.993822418642025,phenotype,gene
TRIP13,(Intercept),-8.89441576241679e-18,0.0126830880701568,0.983138035491923,(Intercept),gene
TRIP13,age,-0.0514932972240858,0.0126830880701568,0.983138035491923,phenotype,gene
TRIP13,gender,0.101269561357259,0.0126830880701568,0.983138035491923,phenotype,gene
MAPK8IP1,(Intercept),-5.40396943142392e-17,0.000329335272391626,0.994618327651011,(Intercept),gene
MAPK8IP1,age,0,0.000329335272391626,0.994618327651011,phenotype,gene
MAPK8IP1,gender,-0.018147596876491,0.000329335272391626,0.994618327651011,phenotype,gene
CREB5,(Intercept),-3.15661742506443e-17,4.9595332894009e-05,0.996651316095131,(Intercept),gene
CREB5,age,-0.00704239539460892,4.9595332894009e-05,0.996651316095131,phenotype,gene
CREB5,gender,0,4.9595332894009e-05,0.996651316095131,phenotype,gene
KIAA0100,(Intercept),-3.55306093958541e-18,0.00133696192564321,0.994218769777769,(Intercept),gene
KIAA0100,age,0.00917076595359714,0.00133696192564321,0.994218769777769,phenotype,gene
KIAA0100,gender,0.0352736396713009,0.00133696192564321,0.994218769777769,phenotype,gene
ADAMTSL2,(Intercept),1.35724971152501e-17,0.000672635834504077,0.994265925646619,(Intercept),gene
ADAMTSL2,age,0,0.000672635834504077,0.994265925646619,phenotype,gene
ADAMTSL2,gender,-0.0259352238182761,0.000672635834504077,0.994265925646619,phenotype,gene
ARHGAP32,(Intercept),-8.70433917327634e-18,0.000241153001692999,0.996138639891597,(Intercept),gene
ARHGAP32,age,0,0.000241153001692999,0.996138639891597,phenotype,gene
ARHGAP32,gender,0.0155291017671016,0.000241153001692999,0.996138639891597,phenotype,gene
SLC35E2,(Intercept),-4.40999718206671e-18,1.07476169654947e-06,0.997441426807873,(Intercept),gene
SLC35E2,age,0,1.07476169654947e-06,0.997441426807873,phenotype,gene
SLC35E2,gender,0.00103670714116836,1.07476169654947e-06,0.997441426807873,phenotype,gene
SLC12A6,(Intercept),3.77044666224218e-17,0.00568654850525935,0.981805997706765,(Intercept),gene
SLC12A6,age,-0.0754092070324265,0.00568654850525935,0.981805997706765,phenotype,gene
SLC12A6,gender,0,0.00568654850525935,0.981805997706765,phenotype,gene
RAB3GAP1,(Intercept),-2.16162161132459e-17,0.00232272467165626,0.990817250931454,(Intercept),gene
RAB3GAP1,age,0.0267364894966759,0.00232272467165626,0.990817250931454,phenotype,gene
RAB3GAP1,gender,-0.0404863666211671,0.00232272467165626,0.990817250931454,phenotype,gene
FKBP15,(Intercept),1.57340669206557e-17,0.00117283818482989,0.994258631763014,(Intercept),gene
FKBP15,age,-0.0263719975320537,0.00117283818482989,0.994258631763014,phenotype,gene
FKBP15,gender,-0.0214431117181431,0.00117283818482989,0.994258631763014,phenotype,gene
EPB41L1,(Intercept),2.51160620537602e-17,0.000438944712474603,0.99456668323781,(Intercept),gene
EPB41L1,age,0.0179770818940241,0.000438944712474603,0.99456668323781,phenotype,gene
EPB41L1,gender,0.0103244321583534,0.000438944712474603,0.99456668323781,phenotype,gene
BCL9,(Intercept),-1.7069515471019e-18,0.00412362195291622,0.9867046410072,(Intercept),gene
BCL9,age,0.0642154339151907,0.00412362195291622,0.9867046410072,phenotype,gene
BCL9,gender,0,0.00412362195291622,0.9867046410072,phenotype,gene
KLHDC5,(Intercept),-1.53134380227839e-17,0.00200112711726684,0.991464682649888,(Intercept),gene
KLHDC5,age,-0.0447339593292035,0.00200112711726684,0.991464682649888,phenotype,gene
KLHDC5,gender,0,0.00200112711726684,0.991464682649888,phenotype,gene
RIN2,(Intercept),1.50753965498137e-17,3.69702563844273e-05,0.997288784793151,(Intercept),gene
RIN2,age,-0.00608031712860664,3.69702563844273e-05,0.997288784793151,phenotype,gene
RIN2,gender,0,3.69702563844273e-05,0.997288784793151,phenotype,gene
N6AMT1,(Intercept),2.1532189858345e-17,0.0217983752453603,0.968903465935354,(Intercept),gene
N6AMT1,age,0.0797936979907241,0.0217983752453603,0.968903465935354,phenotype,gene
N6AMT1,gender,0.120898773782141,0.0217983752453603,0.968903465935354,phenotype,gene
NOTCH3,(Intercept),9.79012609587551e-18,0.000711620623173271,0.994366756545885,(Intercept),gene
NOTCH3,age,0,0.000711620623173271,0.994366756545885,phenotype,gene
NOTCH3,gender,0.0266762183071977,0.000711620623173271,0.994366756545885,phenotype,gene
WDR12,(Intercept),-1.48835227002206e-17,3.56056645633277e-05,0.997197037542815,(Intercept),gene
WDR12,age,0,3.56056645633277e-05,0.997197037542815,phenotype,gene
WDR12,gender,0.00596704822867452,3.56056645633277e-05,0.997197037542815,phenotype,gene
PCID2,(Intercept),-4.22942104619107e-18,3.4920478378101e-05,0.996753520327676,(Intercept),gene
PCID2,age,0,3.4920478378101e-05,0.996753520327676,phenotype,gene
PCID2,gender,-0.00590935515755323,3.4920478378101e-05,0.996753520327676,phenotype,gene
PDHA1,(Intercept),-5.49724756954578e-18,0.00299221146330512,0.992371433785713,(Intercept),gene
PDHA1,age,0,0.00299221146330512,0.992371433785713,phenotype,gene
PDHA1,gender,-0.0547011102566037,0.00299221146330512,0.992371433785713,phenotype,gene
NDUFB1,(Intercept),-5.57290593647485e-17,0.00160670212276648,0.993212915303468,(Intercept),gene
NDUFB1,age,0,0.00160670212276648,0.993212915303468,phenotype,gene
NDUFB1,gender,-0.0400836889865002,0.00160670212276648,0.993212915303468,phenotype,gene
LIAS,(Intercept),7.86406016810328e-18,0.00082332025324039,0.994991908348797,(Intercept),gene
LIAS,age,-0.0286935576957684,0.00082332025324039,0.994991908348797,phenotype,gene
LIAS,gender,0,0.00082332025324039,0.994991908348797,phenotype,gene
POGK,(Intercept),2.59022403439497e-17,9.95327289599694e-06,0.997519510831064,(Intercept),gene
POGK,age,-0.00315488080535493,9.95327289599694e-06,0.997519510831064,phenotype,gene
POGK,gender,0,9.95327289599694e-06,0.997519510831064,phenotype,gene
C1orf86,(Intercept),1.27219081497385e-17,1.14046710713497e-06,0.997602891062408,(Intercept),gene
C1orf86,age,-0.00106792654575817,1.14046710713497e-06,0.997602891062408,phenotype,gene
C1orf86,gender,0,1.14046710713497e-06,0.997602891062408,phenotype,gene
KIFC1,(Intercept),-7.03276740570748e-18,5.11927962490111e-06,0.997280998432671,(Intercept),gene
KIFC1,age,-0.00226258251228571,5.11927962490111e-06,0.997280998432671,phenotype,gene
KIFC1,gender,0,5.11927962490111e-06,0.997280998432671,phenotype,gene
PLA2G12A,(Intercept),-1.25897644844899e-17,0.000190614578757799,0.995616754699063,(Intercept),gene
PLA2G12A,age,0.013806323868351,0.000190614578757799,0.995616754699063,phenotype,gene
PLA2G12A,gender,0,0.000190614578757799,0.995616754699063,phenotype,gene
PPIE,(Intercept),4.75871310531624e-17,0.00224413585251349,0.992841369593131,(Intercept),gene
PPIE,age,-0.0473723110320099,0.00224413585251349,0.992841369593131,phenotype,gene
PPIE,gender,0,0.00224413585251349,0.992841369593131,phenotype,gene
TRAK2,(Intercept),9.8001606284323e-18,0.000941660730774325,0.994330700638048,(Intercept),gene
TRAK2,age,-0.000666534524807082,0.000941660730774325,0.994330700638048,phenotype,gene
TRAK2,gender,0.0307070035574748,0.000941660730774325,0.994330700638048,phenotype,gene
ITGB1,(Intercept),1.51521274693694e-17,0.00482851041414819,0.986137494473496,(Intercept),gene
ITGB1,age,-0.069246038493243,0.00482851041414819,0.986137494473496,phenotype,gene
ITGB1,gender,-0.00349363164434763,0.00482851041414819,0.986137494473496,phenotype,gene
HERC1,(Intercept),1.90237009298951e-17,0.00122557560648284,0.993137135761874,(Intercept),gene
HERC1,age,0.035008221984026,0.00122557560648284,0.993137135761874,phenotype,gene
HERC1,gender,0,0.00122557560648284,0.993137135761874,phenotype,gene
C17orf51,(Intercept),3.22956222535759e-18,0.00220547983239428,0.991618101280844,(Intercept),gene
C17orf51,age,-0.0469625364774335,0.00220547983239428,0.991618101280844,phenotype,gene
C17orf51,gender,0,0.00220547983239428,0.991618101280844,phenotype,gene
PTPLB,(Intercept),-2.31025389958096e-18,7.19989330844481e-05,0.997519886661307,(Intercept),gene
PTPLB,age,-0.00848521850540386,7.19989330844481e-05,0.997519886661307,phenotype,gene
PTPLB,gender,0,7.19989330844481e-05,0.997519886661307,phenotype,gene
TRAPPC2,(Intercept),1.07804268384064e-17,0.000467947040251304,0.9954981488676,(Intercept),gene
TRAPPC2,age,0,0.000467947040251304,0.9954981488676,phenotype,gene
TRAPPC2,gender,-0.0216320835855288,0.000467947040251304,0.9954981488676,phenotype,gene
FBXO42,(Intercept),-2.67317793809341e-17,0.00100835424528964,0.992443161451871,(Intercept),gene
FBXO42,age,0,0.00100835424528964,0.992443161451871,phenotype,gene
FBXO42,gender,-0.0317545940816386,0.00100835424528964,0.992443161451871,phenotype,gene
MRPL15,(Intercept),-9.67308548242896e-18,0.00186908800129081,0.992883863213863,(Intercept),gene
MRPL15,age,-0.00370361125267614,0.00186908800129081,0.992883863213863,phenotype,gene
MRPL15,gender,-0.0430341406822134,0.00186908800129081,0.992883863213863,phenotype,gene
IFRD1,(Intercept),7.2268835851642e-18,0.00643718916805584,0.978841387190672,(Intercept),gene
IFRD1,age,-0.0802320956229852,0.00643718916805584,0.978841387190672,phenotype,gene
IFRD1,gender,0,0.00643718916805584,0.978841387190672,phenotype,gene
ZNF84,(Intercept),2.77999654921476e-17,0.000445755405204783,0.99557338348904,(Intercept),gene
ZNF84,age,0,0.000445755405204783,0.99557338348904,phenotype,gene
ZNF84,gender,0.0211129203381432,0.000445755405204783,0.99557338348904,phenotype,gene
HNRPLL,(Intercept),-4.48476400899391e-17,0.000108230094026446,0.99685365750631,(Intercept),gene
HNRPLL,age,0,0.000108230094026446,0.99685365750631,phenotype,gene
HNRPLL,gender,-0.0104033693593204,0.000108230094026446,0.99685365750631,phenotype,gene
ZDHHC23,(Intercept),1.90272861790019e-17,1.97648804228787e-05,0.997180517016823,(Intercept),gene
ZDHHC23,age,0,1.97648804228787e-05,0.997180517016823,phenotype,gene
ZDHHC23,gender,0.00444577107180281,1.97648804228787e-05,0.997180517016823,phenotype,gene
C7orf23,(Intercept),1.3841493105423e-18,0.000240813625486648,0.99650701902845,(Intercept),gene
C7orf23,age,-0.0155181708163897,0.000240813625486648,0.99650701902845,phenotype,gene
C7orf23,gender,0,0.000240813625486648,0.99650701902845,phenotype,gene
NEDD4,(Intercept),2.69159213064768e-17,8.36469979164193e-05,0.997099701522654,(Intercept),gene
NEDD4,age,0.00914587327248849,8.36469979164193e-05,0.997099701522654,phenotype,gene
NEDD4,gender,0,8.36469979164193e-05,0.997099701522654,phenotype,gene
TMEM131,(Intercept),-1.50528472031987e-17,0.00277895981264104,0.99223455439634,(Intercept),gene
TMEM131,age,0.0527158402440959,0.00277895981264104,0.99223455439634,phenotype,gene
TMEM131,gender,0,0.00277895981264104,0.99223455439634,phenotype,gene
WWC2,(Intercept),5.06376865716583e-18,0.00482613569662751,0.988628779921103,(Intercept),gene
WWC2,age,-0.0694703943894629,0.00482613569662751,0.988628779921103,phenotype,gene
WWC2,gender,0,0.00482613569662751,0.988628779921103,phenotype,gene
INPP4A,(Intercept),1.77332129277383e-17,0.00110432122969357,0.995041418115434,(Intercept),gene
INPP4A,age,-0.0332313290389291,0.00110432122969357,0.995041418115434,phenotype,gene
INPP4A,gender,0,0.00110432122969357,0.995041418115434,phenotype,gene
FAM101B,(Intercept),3.64673458541737e-18,0.0081944894280493,0.981594972051235,(Intercept),gene
FAM101B,age,-0.0905234192242499,0.0081944894280493,0.981594972051235,phenotype,gene
FAM101B,gender,0,0.0081944894280493,0.981594972051235,phenotype,gene
CCNDBP1,(Intercept),2.27490259812955e-17,0.000568698236470139,0.996010968614223,(Intercept),gene
CCNDBP1,age,0.00698859035674044,0.000568698236470139,0.996010968614223,phenotype,gene
CCNDBP1,gender,-0.0228968561422195,0.000568698236470139,0.996010968614223,phenotype,gene
CEP192,(Intercept),6.34781766783266e-18,0.00337323367940613,0.988394096470472,(Intercept),gene
CEP192,age,-0.0580795461363648,0.00337323367940613,0.988394096470472,phenotype,gene
CEP192,gender,0,0.00337323367940613,0.988394096470472,phenotype,gene
SLC29A3,(Intercept),2.85653352488612e-17,0.000684032458263013,0.995432055919213,(Intercept),gene
SLC29A3,age,0.0260631498771609,0.000684032458263013,0.995432055919213,phenotype,gene
SLC29A3,gender,-0.00368571134511284,0.000684032458263013,0.995432055919213,phenotype,gene
RASAL2,(Intercept),-2.20082588090936e-17,0.00182523955098749,0.992977603810075,(Intercept),gene
RASAL2,age,-0.0427228223668274,0.00182523955098749,0.992977603810075,phenotype,gene
RASAL2,gender,0,0.00182523955098749,0.992977603810075,phenotype,gene
ISY1,(Intercept),-2.07560761308826e-17,0.0106987933048365,0.978979668397204,(Intercept),gene
ISY1,age,-0.1034349713822,0.0106987933048365,0.978979668397204,phenotype,gene
ISY1,gender,0,0.0106987933048365,0.978979668397204,phenotype,gene
RPL4,(Intercept),1.24654669748291e-17,0.0148654629467907,0.972463162481616,(Intercept),gene
RPL4,age,-0.121924004801313,0.0148654629467907,0.972463162481616,phenotype,gene
RPL4,gender,0,0.0148654629467907,0.972463162481616,phenotype,gene
TMEM66,(Intercept),-2.39339103420451e-17,0.00551841399910274,0.991223636957982,(Intercept),gene
TMEM66,age,0.0463669439640337,0.00551841399910274,0.991223636957982,phenotype,gene
TMEM66,gender,-0.0602383558130144,0.00551841399910274,0.991223636957982,phenotype,gene
NMRAL1,(Intercept),-8.51161562620299e-18,0.000985834605331227,0.993859344141914,(Intercept),gene
NMRAL1,age,0.0314142785317278,0.000985834605331227,0.993859344141914,phenotype,gene
NMRAL1,gender,-0.00171189429899216,0.000985834605331227,0.993859344141914,phenotype,gene
NMT2,(Intercept),-1.45402020281822e-17,0.000360876810578818,0.994438985429187,(Intercept),gene
NMT2,age,0,0.000360876810578818,0.994438985429187,phenotype,gene
NMT2,gender,-0.0189967578965153,0.000360876810578818,0.994438985429187,phenotype,gene
DCLK2,(Intercept),-5.68526431128349e-17,1.01145036343201e-05,0.997548408967468,(Intercept),gene
DCLK2,age,0,1.01145036343201e-05,0.997548408967468,phenotype,gene
DCLK2,gender,0.0031803307429134,1.01145036343201e-05,0.997548408967468,phenotype,gene
WDR45,(Intercept),8.65433999872562e-18,0.00037435367358907,0.99621257162652,(Intercept),gene
WDR45,age,0.0193482214580325,0.00037435367358907,0.99621257162652,phenotype,gene
WDR45,gender,0,0.00037435367358907,0.99621257162652,phenotype,gene
GUCY1B3,(Intercept),-2.17690789142188e-17,0.001941341130735,0.991033879957178,(Intercept),gene
GUCY1B3,age,-0.0440606528632407,0.001941341130735,0.991033879957178,phenotype,gene
GUCY1B3,gender,0,0.001941341130735,0.991033879957178,phenotype,gene
LZTR1,(Intercept),-4.05903423240846e-18,5.55190228723013e-07,0.997638070846712,(Intercept),gene
LZTR1,age,-0.000745110883508632,5.55190228723013e-07,0.997638070846712,phenotype,gene
LZTR1,gender,0,5.55190228723013e-07,0.997638070846712,phenotype,gene
C17orf61,(Intercept),-7.89247715495462e-18,0.00466356285609529,0.989845425522882,(Intercept),gene
C17orf61,age,0.0593293024367556,0.00466356285609529,0.989845425522882,phenotype,gene
C17orf61,gender,-0.0348924657003592,0.00466356285609529,0.989845425522882,phenotype,gene
C11orf57,(Intercept),-1.80117385257472e-17,0.0038477276760654,0.99224735195772,(Intercept),gene
C11orf57,age,-0.0534084737259864,0.0038477276760654,0.99224735195772,phenotype,gene
C11orf57,gender,-0.0294315345377512,0.0038477276760654,0.99224735195772,phenotype,gene
EDN1,(Intercept),-2.06790281185477e-17,0.00763686517911109,0.98413704230375,(Intercept),gene
EDN1,age,-0.0873891593912603,0.00763686517911109,0.98413704230375,phenotype,gene
EDN1,gender,0,0.00763686517911109,0.98413704230375,phenotype,gene
ARHGAP26,(Intercept),2.78562601048372e-18,0.000101231097385899,0.996550436835011,(Intercept),gene
ARHGAP26,age,0,0.000101231097385899,0.996550436835011,phenotype,gene
ARHGAP26,gender,-0.0100613665764596,0.000101231097385899,0.996550436835011,phenotype,gene
DACT1,(Intercept),3.21235878984088e-17,0.0084486615225987,0.986053500282337,(Intercept),gene
DACT1,age,-0.0883909515275957,0.0084486615225987,0.986053500282337,phenotype,gene
DACT1,gender,0.0272875042953921,0.0084486615225987,0.986053500282337,phenotype,gene
MLL2,(Intercept),-1.23474514133227e-17,0.000579527564592946,0.99559654830137,(Intercept),gene
MLL2,age,0,0.000579527564592946,0.99559654830137,phenotype,gene
MLL2,gender,0.0240733787531569,0.000579527564592946,0.99559654830137,phenotype,gene
CBWD3,(Intercept),2.07899626100596e-17,0.00037898280569228,0.994619949948451,(Intercept),gene
CBWD3,age,-0.019467480722792,0.00037898280569228,0.994619949948451,phenotype,gene
CBWD3,gender,0,0.00037898280569228,0.994619949948451,phenotype,gene
MEMO1,(Intercept),-2.12482875526346e-17,0.000119175645921543,0.995833416424405,(Intercept),gene
MEMO1,age,0,0.000119175645921543,0.995833416424405,phenotype,gene
MEMO1,gender,-0.0109167598636932,0.000119175645921543,0.995833416424405,phenotype,gene
THSD1P1,(Intercept),-1.00216485755425e-17,6.32039803935243e-06,0.997576894389721,(Intercept),gene
THSD1P1,age,0,6.32039803935243e-06,0.997576894389721,phenotype,gene
THSD1P1,gender,0.00251404018252542,6.32039803935243e-06,0.997576894389721,phenotype,gene
C7orf59,(Intercept),1.80711009701032e-17,0.00364488026395674,0.989619363724521,(Intercept),gene
C7orf59,age,0,0.00364488026395674,0.989619363724521,phenotype,gene
C7orf59,gender,0.06037284376238,0.00364488026395674,0.989619363724521,phenotype,gene
JHDM1D,(Intercept),-1.61430605227587e-18,0.00168037358650009,0.991893203768409,(Intercept),gene
JHDM1D,age,0,0.00168037358650009,0.991893203768409,phenotype,gene
JHDM1D,gender,-0.0409923600991709,0.00168037358650009,0.991893203768409,phenotype,gene
TMEM187,(Intercept),6.74629986396604e-18,3.71415298611164e-05,0.99680766618077,(Intercept),gene
TMEM187,age,0.00609438510935405,3.71415298611164e-05,0.99680766618077,phenotype,gene
TMEM187,gender,0,3.71415298611164e-05,0.99680766618077,phenotype,gene
HMOX2,(Intercept),1.45970604016409e-17,0.000250154186884055,0.995919052045682,(Intercept),gene
HMOX2,age,0.0158162633666759,0.000250154186884055,0.995919052045682,phenotype,gene
HMOX2,gender,0,0.000250154186884055,0.995919052045682,phenotype,gene
TMEM57,(Intercept),-1.05779144987692e-17,0.0145124682840223,0.979624241324041,(Intercept),gene
TMEM57,age,0.0770234093516518,0.0145124682840223,0.979624241324041,phenotype,gene
TMEM57,gender,-0.0940675201858687,0.0145124682840223,0.979624241324041,phenotype,gene
IFIH1,(Intercept),-2.83651207543729e-17,0.00127851530950769,0.992955098618322,(Intercept),gene
IFIH1,age,0,0.00127851530950769,0.992955098618322,phenotype,gene
IFIH1,gender,-0.0357563324392714,0.00127851530950769,0.992955098618322,phenotype,gene
FZD8,(Intercept),1.74692568545303e-17,0.000165723778278185,0.99633930800388,(Intercept),gene
FZD8,age,0,0.000165723778278185,0.99633930800388,phenotype,gene
FZD8,gender,-0.0128733747820136,0.000165723778278185,0.99633930800388,phenotype,gene
LPXN,(Intercept),-1.32074963917867e-17,0.00285387417931803,0.991570646502907,(Intercept),gene
LPXN,age,0.0304005512887092,0.00285387417931803,0.991570646502907,phenotype,gene
LPXN,gender,-0.0447308774661899,0.00285387417931803,0.991570646502907,phenotype,gene
EXOSC3,(Intercept),-2.4601709954618e-17,0.00914925635680161,0.983250340284615,(Intercept),gene
EXOSC3,age,-0.0290388385851155,0.00914925635680161,0.983250340284615,phenotype,gene
EXOSC3,gender,-0.0899798768873158,0.00914925635680161,0.983250340284615,phenotype,gene
BMP2K,(Intercept),1.5741901238265e-17,0.000818545239523403,0.993613543076966,(Intercept),gene
BMP2K,age,0.0286102296307353,0.000818545239523403,0.993613543076966,phenotype,gene
BMP2K,gender,0,0.000818545239523403,0.993613543076966,phenotype,gene
DDX5,(Intercept),7.21802397563034e-18,0.00768684985373335,0.983444782937012,(Intercept),gene
DDX5,age,-0.00768210911502893,0.00768684985373335,0.983444782937012,phenotype,gene
DDX5,gender,0.0875023193345846,0.00768684985373335,0.983444782937012,phenotype,gene
LAMP2,(Intercept),3.32620970695614e-17,0.00504921335379995,0.985938438257599,(Intercept),gene
LAMP2,age,0.0705593359535675,0.00504921335379995,0.985938438257599,phenotype,gene
LAMP2,gender,-0.0100326499404394,0.00504921335379995,0.985938438257599,phenotype,gene
PORCN,(Intercept),-7.21603747399779e-18,0.00250049643138765,0.993749987200084,(Intercept),gene
PORCN,age,0.0484001996993809,0.00250049643138765,0.993749987200084,phenotype,gene
PORCN,gender,-0.0123662866727126,0.00250049643138765,0.993749987200084,phenotype,gene
PIK3R4,(Intercept),2.46012968628978e-17,0.00164838379974722,0.992258384649626,(Intercept),gene
PIK3R4,age,0.0406002930992772,0.00164838379974722,0.992258384649626,phenotype,gene
PIK3R4,gender,0,0.00164838379974722,0.992258384649626,phenotype,gene
HIATL1,(Intercept),-2.07789903615678e-17,0.00131092966472072,0.995877579602603,(Intercept),gene
HIATL1,age,0.026015125270607,0.00131092966472072,0.995877579602603,phenotype,gene
HIATL1,gender,-0.0261476399566305,0.00131092966472072,0.995877579602603,phenotype,gene
NIPSNAP1,(Intercept),-2.60569337613256e-17,0.00536779297128391,0.990025972243639,(Intercept),gene
NIPSNAP1,age,-0.0427619424341898,0.00536779297128391,0.990025972243639,phenotype,gene
NIPSNAP1,gender,-0.0585131399296896,0.00536779297128391,0.990025972243639,phenotype,gene
NDFIP2,(Intercept),1.9154858876349e-17,0.000220523262324505,0.996117717105177,(Intercept),gene
NDFIP2,age,-0.0148500256674696,0.000220523262324505,0.996117717105177,phenotype,gene
NDFIP2,gender,0,0.000220523262324505,0.996117717105177,phenotype,gene
RBM12B,(Intercept),1.90582492672911e-17,0.000829565540880986,0.995169329347746,(Intercept),gene
RBM12B,age,0,0.000829565540880986,0.995169329347746,phenotype,gene
RBM12B,gender,-0.0288021794467187,0.000829565540880986,0.995169329347746,phenotype,gene
RAE1,(Intercept),-8.03768940747012e-18,0.00631664993348677,0.986729448966765,(Intercept),gene
RAE1,age,-0.0497884557144422,0.00631664993348677,0.986729448966765,phenotype,gene
RAE1,gender,0.0633236171537229,0.00631664993348677,0.986729448966765,phenotype,gene
PIAS2,(Intercept),8.45035145365264e-18,0.000164605663457895,0.996898003547298,(Intercept),gene
PIAS2,age,-0.00878649284622657,0.000164605663457895,0.996898003547298,phenotype,gene
PIAS2,gender,0.00957283432786234,0.000164605663457895,0.996898003547298,phenotype,gene
CASK,(Intercept),-1.61215655316816e-18,0.00590910972051866,0.990022679524115,(Intercept),gene
CASK,age,-0.0555709505587422,0.00590910972051866,0.990022679524115,phenotype,gene
CASK,gender,-0.0515450290421173,0.00590910972051866,0.990022679524115,phenotype,gene
GTF2A2,(Intercept),4.65712920237796e-17,2.39759731523162e-05,0.997102922965447,(Intercept),gene
GTF2A2,age,0,2.39759731523162e-05,0.997102922965447,phenotype,gene
GTF2A2,gender,0.00489652664164264,2.39759731523162e-05,0.997102922965447,phenotype,gene
PAPSS1,(Intercept),-2.51146428845919e-17,0.00903115452611806,0.982966924366904,(Intercept),gene
PAPSS1,age,-0.0909522031793918,0.00903115452611806,0.982966924366904,phenotype,gene
PAPSS1,gender,-0.0281846154761462,0.00903115452611806,0.982966924366904,phenotype,gene
TCF19,(Intercept),2.99155678650686e-17,7.84201128327618e-05,0.997055843055138,(Intercept),gene
TCF19,age,-0.0088555131320981,7.84201128327618e-05,0.997055843055138,phenotype,gene
TCF19,gender,0,7.84201128327618e-05,0.997055843055138,phenotype,gene
ATOX1,(Intercept),-2.16391324799784e-17,0.000172814894352271,0.994656896401765,(Intercept),gene
ATOX1,age,0.0131459078937999,0.000172814894352271,0.994656896401765,phenotype,gene
ATOX1,gender,0,0.000172814894352271,0.994656896401765,phenotype,gene
MAFB,(Intercept),-3.0697470005598e-17,0.00115938999717075,0.992230805771816,(Intercept),gene
MAFB,age,0,0.00115938999717075,0.992230805771816,phenotype,gene
MAFB,gender,-0.0340498164043619,0.00115938999717075,0.992230805771816,phenotype,gene
METTL12,(Intercept),8.91647361004079e-18,6.37838076622289e-05,0.996733295299341,(Intercept),gene
METTL12,age,0,6.37838076622289e-05,0.996733295299341,phenotype,gene
METTL12,gender,0.00798647654865579,6.37838076622289e-05,0.996733295299341,phenotype,gene
POLR1E,(Intercept),-3.56001050100367e-17,3.63986515056686e-05,0.99677183414391,(Intercept),gene
POLR1E,age,-0.00603312949518478,3.63986515056686e-05,0.99677183414391,phenotype,gene
POLR1E,gender,0,3.63986515056686e-05,0.99677183414391,phenotype,gene
TOP2B,(Intercept),1.91109936651758e-17,0.00153159316829472,0.992812990196561,(Intercept),gene
TOP2B,age,0,0.00153159316829472,0.992812990196561,phenotype,gene
TOP2B,gender,0.039135574204229,0.00153159316829472,0.992812990196561,phenotype,gene
EXOC1,(Intercept),4.24702954984705e-18,0.00212002952242155,0.99341676458207,(Intercept),gene
EXOC1,age,0.0253550137420887,0.00212002952242155,0.99341676458207,phenotype,gene
EXOC1,gender,0.0379455349945929,0.00212002952242155,0.99341676458207,phenotype,gene
EPHB2,(Intercept),-2.18061892585636e-17,0.00332084919513254,0.988679102895126,(Intercept),gene
EPHB2,age,0,0.00332084919513254,0.988679102895126,phenotype,gene
EPHB2,gender,-0.057626809690738,0.00332084919513254,0.988679102895126,phenotype,gene
FUT11,(Intercept),-1.78488713281666e-17,4.1711276362198e-05,0.996745405552918,(Intercept),gene
FUT11,age,-0.00645842677145124,4.1711276362198e-05,0.996745405552918,phenotype,gene
FUT11,gender,0,4.1711276362198e-05,0.996745405552918,phenotype,gene
LUZP1,(Intercept),8.72067950448573e-18,7.82177782306328e-05,0.996353908983463,(Intercept),gene
LUZP1,age,-0.00884408153686027,7.82177782306328e-05,0.996353908983463,phenotype,gene
LUZP1,gender,0,7.82177782306328e-05,0.996353908983463,phenotype,gene
GOLIM4,(Intercept),1.11391994421116e-18,0.0087834480120899,0.98496539258563,(Intercept),gene
GOLIM4,age,-0.0210061094865221,0.0087834480120899,0.98496539258563,phenotype,gene
GOLIM4,gender,-0.0911051005690194,0.0087834480120899,0.98496539258563,phenotype,gene
FAM108B1,(Intercept),-3.11720786051876e-17,2.03808624126716e-05,0.9974062415937,(Intercept),gene
FAM108B1,age,0,2.03808624126716e-05,0.9974062415937,phenotype,gene
FAM108B1,gender,-0.00451451685262903,2.03808624126716e-05,0.9974062415937,phenotype,gene
DNAJA1,(Intercept),4.34062252567718e-17,0.00116681446092006,0.995751940060159,(Intercept),gene
DNAJA1,age,0.0113480216964458,0.00116681446092006,0.995751940060159,phenotype,gene
DNAJA1,gender,-0.0324702653907565,0.00116681446092006,0.995751940060159,phenotype,gene
RRP15,(Intercept),-1.56327705120543e-17,0.00515670967617574,0.986587218345997,(Intercept),gene
RRP15,age,0,0.00515670967617574,0.986587218345997,phenotype,gene
RRP15,gender,0.0718102337844387,0.00515670967617574,0.986587218345997,phenotype,gene
IL2RG,(Intercept),7.2162698743392e-19,0.00676450212021548,0.983935026252836,(Intercept),gene
IL2RG,age,0.0377414349490609,0.00676450212021548,0.983935026252836,phenotype,gene
IL2RG,gender,-0.073987080819553,0.00676450212021548,0.983935026252836,phenotype,gene
FAM118B,(Intercept),1.61182960546991e-17,0.00139396908601223,0.995531346941222,(Intercept),gene
FAM118B,age,-0.0372620357456429,0.00139396908601223,0.995531346941222,phenotype,gene
FAM118B,gender,-0.00186660224083829,0.00139396908601223,0.995531346941222,phenotype,gene
RPGR,(Intercept),-1.12574005522971e-17,0.0136331490213993,0.979333182776653,(Intercept),gene
RPGR,age,0.0765560814740767,0.0136331490213993,0.979333182776653,phenotype,gene
RPGR,gender,-0.0930494541250767,0.0136331490213993,0.979333182776653,phenotype,gene
C6orf48,(Intercept),-4.03573406741884e-17,1.2767824478198e-06,0.997505651293398,(Intercept),gene
C6orf48,age,-0.0011299479845638,1.2767824478198e-06,0.997505651293398,phenotype,gene
C6orf48,gender,0,1.2767824478198e-06,0.997505651293398,phenotype,gene
MFSD9,(Intercept),2.08629094621067e-17,0.000447065977864883,0.995310399201435,(Intercept),gene
MFSD9,age,0,0.000447065977864883,0.995310399201435,phenotype,gene
MFSD9,gender,0.0211439347772566,0.000447065977864883,0.995310399201435,phenotype,gene
PPT2,(Intercept),-4.67942649404621e-18,5.50660466573346e-05,0.997322632291551,(Intercept),gene
PPT2,age,0,5.50660466573346e-05,0.997322632291551,phenotype,gene
PPT2,gender,0.00742065001582305,5.50660466573346e-05,0.997322632291551,phenotype,gene
SGK1,(Intercept),3.33335389940463e-17,7.9480474284745e-08,0.997624829012524,(Intercept),gene
SGK1,age,0,7.9480474284745e-08,0.997624829012524,phenotype,gene
SGK1,gender,-0.000281922816183339,7.9480474284745e-08,0.997624829012524,phenotype,gene
MITD1,(Intercept),-1.17053915985497e-17,0.0026888462144439,0.991992159747369,(Intercept),gene
MITD1,age,0.0221378443831383,0.0026888462144439,0.991992159747369,phenotype,gene
MITD1,gender,-0.0472514935241993,0.0026888462144439,0.991992159747369,phenotype,gene
REL,(Intercept),1.13309053728591e-18,1.92385780665788e-05,0.997035165157687,(Intercept),gene
REL,age,0.000714145310725904,1.92385780665788e-05,0.997035165157687,phenotype,gene
REL,gender,0.00431169361508566,1.92385780665788e-05,0.997035165157687,phenotype,gene
ARHGAP11A,(Intercept),1.02957418573704e-17,0.00226879079152154,0.991900532437651,(Intercept),gene
ARHGAP11A,age,-0.0476318254061457,0.00226879079152154,0.991900532437651,phenotype,gene
ARHGAP11A,gender,0,0.00226879079152154,0.991900532437651,phenotype,gene
LBR,(Intercept),-3.19845282260747e-17,0.00471708414630324,0.988237056766694,(Intercept),gene
LBR,age,-0.0686810319251483,0.00471708414630324,0.988237056766694,phenotype,gene
LBR,gender,0,0.00471708414630324,0.988237056766694,phenotype,gene
DOCK2,(Intercept),-4.61152112917521e-18,0.0117849964495556,0.981800055593361,(Intercept),gene
DOCK2,age,0.0990818228439117,0.0117849964495556,0.981800055593361,phenotype,gene
DOCK2,gender,-0.0471930185100418,0.0117849964495556,0.981800055593361,phenotype,gene
EFNA4,(Intercept),3.23411919274617e-18,0.000286730019140144,0.996489187098302,(Intercept),gene
EFNA4,age,-0.0168744147092434,0.000286730019140144,0.996489187098302,phenotype,gene
EFNA4,gender,-0.00144875241255543,0.000286730019140144,0.996489187098302,phenotype,gene
TROVE2,(Intercept),1.12527458383002e-17,4.15420860954662e-05,0.996797770930945,(Intercept),gene
TROVE2,age,0.00644531505013263,4.15420860954662e-05,0.996797770930945,phenotype,gene
TROVE2,gender,0,4.15420860954662e-05,0.996797770930945,phenotype,gene
AVEN,(Intercept),1.72050159959965e-17,8.87835152509567e-05,0.996778646046939,(Intercept),gene
AVEN,age,-0.00942250047763101,8.87835152509567e-05,0.996778646046939,phenotype,gene
AVEN,gender,0,8.87835152509567e-05,0.996778646046939,phenotype,gene
UMPS,(Intercept),1.77794131277103e-17,0.00057849194887926,0.996676216656364,(Intercept),gene
UMPS,age,-0.00082781946513544,0.00057849194887926,0.996676216656364,phenotype,gene
UMPS,gender,-0.0240287704138825,0.00057849194887926,0.996676216656364,phenotype,gene
TRANK1,(Intercept),3.73880044483811e-18,0.00153963531433606,0.992444212205044,(Intercept),gene
TRANK1,age,0,0.00153963531433606,0.992444212205044,phenotype,gene
TRANK1,gender,0.0392381869399704,0.00153963531433606,0.992444212205044,phenotype,gene
KDM6A,(Intercept),6.32049661827316e-19,0.00408429447789369,0.983233886009193,(Intercept),gene
KDM6A,age,0,0.00408429447789369,0.983233886009193,phenotype,gene
KDM6A,gender,-0.0639084851791505,0.00408429447789369,0.983233886009193,phenotype,gene
FILIP1L,(Intercept),-2.37573070773883e-17,4.10881810527274e-06,0.997451900444952,(Intercept),gene
FILIP1L,age,-0.0020270219794745,4.10881810527274e-06,0.997451900444952,phenotype,gene
FILIP1L,gender,0,4.10881810527274e-06,0.997451900444952,phenotype,gene
NDST2,(Intercept),1.36294988544128e-17,0.00359235338690753,0.988965984501896,(Intercept),gene
NDST2,age,0.0578035850403161,0.00359235338690753,0.988965984501896,phenotype,gene
NDST2,gender,-0.0172762531697946,0.00359235338690753,0.988965984501896,phenotype,gene
CRBN,(Intercept),-1.2624086214417e-18,2.31962168707208e-05,0.997207198654934,(Intercept),gene
CRBN,age,0.00481624510077309,2.31962168707208e-05,0.997207198654934,phenotype,gene
CRBN,gender,0,2.31962168707208e-05,0.997207198654934,phenotype,gene
HEATR2,(Intercept),-3.76928423009419e-17,0.00776689248543261,0.983028442680186,(Intercept),gene
HEATR2,age,-0.00880550847077955,0.00776689248543261,0.983028442680186,phenotype,gene
HEATR2,gender,0.0877048022611694,0.00776689248543261,0.983028442680186,phenotype,gene
LRP8,(Intercept),-8.23317634428479e-18,0.00154772572066098,0.994374097961731,(Intercept),gene
LRP8,age,-0.0393411453908116,0.00154772572066098,0.994374097961731,phenotype,gene
LRP8,gender,0,0.00154772572066098,0.994374097961731,phenotype,gene
ADAMTS1,(Intercept),1.65569754612069e-17,0.0103012714874889,0.983111144948173,(Intercept),gene
ADAMTS1,age,-0.0928475838257239,0.0103012714874889,0.983111144948173,phenotype,gene
ADAMTS1,gender,0.0406440925221098,0.0103012714874889,0.983111144948173,phenotype,gene
ZNF507,(Intercept),-1.79603954735273e-17,0.0023290566985204,0.985538320499187,(Intercept),gene
ZNF507,age,-0.0482603014756476,0.0023290566985204,0.985538320499187,phenotype,gene
ZNF507,gender,0,0.0023290566985204,0.985538320499187,phenotype,gene
MAL2,(Intercept),-9.55940467567663e-18,0.00919475952185022,0.980874609192031,(Intercept),gene
MAL2,age,0.0958893086941929,0.00919475952185022,0.980874609192031,phenotype,gene
MAL2,gender,0,0.00919475952185022,0.980874609192031,phenotype,gene
AGXT2L2,(Intercept),-3.3599405468078e-17,6.05423975289883e-05,0.997230699714935,(Intercept),gene
AGXT2L2,age,0,6.05423975289883e-05,0.997230699714935,phenotype,gene
AGXT2L2,gender,-0.00778089953212277,6.05423975289883e-05,0.997230699714935,phenotype,gene
FRG1,(Intercept),2.56264924579701e-17,0.000631511362922403,0.994047912695273,(Intercept),gene
FRG1,age,-0.0251298898310837,0.000631511362922403,0.994047912695273,phenotype,gene
FRG1,gender,0,0.000631511362922403,0.994047912695273,phenotype,gene
MTCP1,(Intercept),8.98940581999748e-18,2.1909714471977e-05,0.997501427679275,(Intercept),gene
MTCP1,age,0,2.1909714471977e-05,0.997501427679275,phenotype,gene
MTCP1,gender,-0.00468078139544852,2.1909714471977e-05,0.997501427679275,phenotype,gene
AKAP8,(Intercept),4.43249720640079e-17,0.000698936287879823,0.995874558932589,(Intercept),gene
AKAP8,age,-0.0234164444543907,0.000698936287879823,0.995874558932589,phenotype,gene
AKAP8,gender,0.0129678136851899,0.000698936287879823,0.995874558932589,phenotype,gene
CDK5RAP2,(Intercept),1.5228210263443e-17,7.24544582215707e-06,0.997411792104521,(Intercept),gene
CDK5RAP2,age,0,7.24544582215707e-06,0.997411792104521,phenotype,gene
CDK5RAP2,gender,-0.00269173658112325,7.24544582215707e-06,0.997411792104521,phenotype,gene
TCP11L1,(Intercept),1.44966615314006e-17,0.0049094613094577,0.9862595616893,(Intercept),gene
TCP11L1,age,-0.0700675481907116,0.0049094613094577,0.9862595616893,phenotype,gene
TCP11L1,gender,0,0.0049094613094577,0.9862595616893,phenotype,gene
NFIL3,(Intercept),1.94061271934856e-17,0.00564887610929416,0.989624345251481,(Intercept),gene
NFIL3,age,0,0.00564887610929416,0.989624345251481,phenotype,gene
NFIL3,gender,-0.0751590055102791,0.00564887610929416,0.989624345251481,phenotype,gene
PEX2,(Intercept),7.64964873431683e-18,0.0195092665001513,0.966586722536998,(Intercept),gene
PEX2,age,0.139675575889814,0.0195092665001513,0.966586722536998,phenotype,gene
PEX2,gender,0,0.0195092665001513,0.966586722536998,phenotype,gene
BRCC3,(Intercept),-5.62299611078609e-18,0.00830219516505327,0.983134150259107,(Intercept),gene
BRCC3,age,0,0.00830219516505327,0.983134150259107,phenotype,gene
BRCC3,gender,0.0911163825283536,0.00830219516505327,0.983134150259107,phenotype,gene
CDC7,(Intercept),2.14874717656857e-17,2.87392181026613e-05,0.996922283987274,(Intercept),gene
CDC7,age,0,2.87392181026613e-05,0.996922283987274,phenotype,gene
CDC7,gender,0.00536089713598958,2.87392181026613e-05,0.996922283987274,phenotype,gene
MBD4,(Intercept),-1.15615623800142e-19,0.00812004808171129,0.983950495111248,(Intercept),gene
MBD4,age,0.0333045988955948,0.00812004808171129,0.983950495111248,phenotype,gene
MBD4,gender,-0.0845800576087497,0.00812004808171129,0.983950495111248,phenotype,gene
ZNF280C,(Intercept),-2.61932276820367e-17,0.00271688219277531,0.99141701255728,(Intercept),gene
ZNF280C,age,-0.0521237200588686,0.00271688219277531,0.99141701255728,phenotype,gene
ZNF280C,gender,0,0.00271688219277531,0.99141701255728,phenotype,gene
SERTAD2,(Intercept),5.37440714796789e-18,0.000423494340286277,0.995791652078493,(Intercept),gene
SERTAD2,age,-0.0144305687606975,0.000423494340286277,0.995791652078493,phenotype,gene
SERTAD2,gender,0.0144058413679784,0.000423494340286277,0.995791652078493,phenotype,gene
TNFRSF19,(Intercept),-8.87511655730104e-18,0.000598161049264453,0.994886081504852,(Intercept),gene
TNFRSF19,age,0.0244573311966873,0.000598161049264453,0.994886081504852,phenotype,gene
TNFRSF19,gender,0,0.000598161049264453,0.994886081504852,phenotype,gene
MMGT1,(Intercept),5.91004238618697e-18,7.68698660359584e-05,0.996847773839929,(Intercept),gene
MMGT1,age,-0.00876754618099947,7.68698660359584e-05,0.996847773839929,phenotype,gene
MMGT1,gender,0,7.68698660359584e-05,0.996847773839929,phenotype,gene
RBMX2,(Intercept),-2.42508185371475e-17,0.00290021598219282,0.989786686229149,(Intercept),gene
RBMX2,age,-0.0538536533783254,0.00290021598219282,0.989786686229149,phenotype,gene
RBMX2,gender,0,0.00290021598219282,0.989786686229149,phenotype,gene
UACA,(Intercept),2.55341809113353e-17,0.0168351213184235,0.9767746198019,(Intercept),gene
UACA,age,-0.111864674144229,0.0168351213184235,0.9767746198019,phenotype,gene
UACA,gender,0.068913080381587,0.0168351213184235,0.9767746198019,phenotype,gene
ACP6,(Intercept),-1.09236490060879e-17,0.000434471449774201,0.996248598292008,(Intercept),gene
ACP6,age,0.0208439787414543,0.000434471449774201,0.996248598292008,phenotype,gene
ACP6,gender,0,0.000434471449774201,0.996248598292008,phenotype,gene
KCNAB1,(Intercept),2.158130186842e-17,0.00278785258649025,0.984976836446517,(Intercept),gene
KCNAB1,age,-0.0528001191901141,0.00278785258649025,0.984976836446517,phenotype,gene
KCNAB1,gender,0,0.00278785258649025,0.984976836446517,phenotype,gene
AMZ2P1,(Intercept),4.90052220882611e-20,3.48539372704578e-05,0.996570596858664,(Intercept),gene
AMZ2P1,age,-0.00590372232328535,3.48539372704578e-05,0.996570596858664,phenotype,gene
AMZ2P1,gender,0,3.48539372704578e-05,0.996570596858664,phenotype,gene
SSBP1,(Intercept),-1.83708882717901e-17,0.000726757843321332,0.99556818989751,(Intercept),gene
SSBP1,age,0,0.000726757843321332,0.99556818989751,phenotype,gene
SSBP1,gender,-0.0269584466043823,0.000726757843321332,0.99556818989751,phenotype,gene
FAP,(Intercept),-1.68918098030668e-17,0.000160369268668261,0.995672268770775,(Intercept),gene
FAP,age,-0.0111293039664878,0.000160369268668261,0.995672268770775,phenotype,gene
FAP,gender,0.00632936603674183,0.000160369268668261,0.995672268770775,phenotype,gene
CCDC127,(Intercept),-4.67844662181836e-18,0.00297244605216944,0.988218061571735,(Intercept),gene
CCDC127,age,0.0544546118138178,0.00297244605216944,0.988218061571735,phenotype,gene
CCDC127,gender,-0.00329134939223248,0.00297244605216944,0.988218061571735,phenotype,gene
KIAA0586,(Intercept),-3.55130168837226e-17,0.000298002822250897,0.996030504481168,(Intercept),gene
KIAA0586,age,0.017262758245741,0.000298002822250897,0.996030504481168,phenotype,gene
KIAA0586,gender,0,0.000298002822250897,0.996030504481168,phenotype,gene
SEPN1,(Intercept),-2.98428241690637e-17,0.00603385516270875,0.986539840380021,(Intercept),gene
SEPN1,age,0,0.00603385516270875,0.986539840380021,phenotype,gene
SEPN1,gender,0.0776778936552012,0.00603385516270875,0.986539840380021,phenotype,gene
TCEB1,(Intercept),1.14333132869131e-17,0.000224286542242334,0.996011517183422,(Intercept),gene
TCEB1,age,0.0149761991921293,0.000224286542242334,0.996011517183422,phenotype,gene
TCEB1,gender,0,0.000224286542242334,0.996011517183422,phenotype,gene
ST3GAL1,(Intercept),-6.88436707699047e-18,0.00170383214567135,0.991455343232154,(Intercept),gene
ST3GAL1,age,0.0315013652843773,0.00170383214567135,0.991455343232154,phenotype,gene
ST3GAL1,gender,0.0259975312032246,0.00170383214567135,0.991455343232154,phenotype,gene
MSH3,(Intercept),-2.60683305860758e-17,0.00178801708537555,0.994312951164659,(Intercept),gene
MSH3,age,0,0.00178801708537555,0.994312951164659,phenotype,gene
MSH3,gender,-0.0422849510508827,0.00178801708537555,0.994312951164659,phenotype,gene
TMEM110,(Intercept),1.37721761815439e-18,0.00438589975446677,0.985297584708331,(Intercept),gene
TMEM110,age,0.0596862155384283,0.00438589975446677,0.985297584708331,phenotype,gene
TMEM110,gender,-0.030266814781559,0.00438589975446677,0.985297584708331,phenotype,gene
METTL8,(Intercept),6.7513010616942e-18,0.000824138354800341,0.994592369787689,(Intercept),gene
METTL8,age,0.0287078099965905,0.000824138354800341,0.994592369787689,phenotype,gene
METTL8,gender,0,0.000824138354800341,0.994592369787689,phenotype,gene
CCHCR1,(Intercept),3.63806630192359e-18,0.000604487588639078,0.99507525016924,(Intercept),gene
CCHCR1,age,-0.0245863293038851,0.000604487588639078,0.99507525016924,phenotype,gene
CCHCR1,gender,0,0.000604487588639078,0.99507525016924,phenotype,gene
TTN,(Intercept),8.67447252302261e-18,0.0027176144185828,0.991347890270948,(Intercept),gene
TTN,age,0,0.0027176144185828,0.991347890270948,phenotype,gene
TTN,gender,-0.0521307435069058,0.0027176144185828,0.991347890270948,phenotype,gene
TMEM44,(Intercept),-1.02630730238551e-17,0.00231589237744435,0.990976413619675,(Intercept),gene
TMEM44,age,-0.0481237194888794,0.00231589237744435,0.990976413619675,phenotype,gene
TMEM44,gender,0,0.00231589237744435,0.990976413619675,phenotype,gene
ZNF608,(Intercept),-5.71448677340618e-18,0.00122550205036017,0.993742919118352,(Intercept),gene
ZNF608,age,-0.0350071714133,0.00122550205036017,0.993742919118352,phenotype,gene
ZNF608,gender,0,0.00122550205036017,0.993742919118352,phenotype,gene
GPCPD1,(Intercept),1.04345419739944e-17,0.00122483282971157,0.994687876328633,(Intercept),gene
GPCPD1,age,0.0349976117715419,0.00122483282971157,0.994687876328633,phenotype,gene
GPCPD1,gender,0,0.00122483282971157,0.994687876328633,phenotype,gene
ACYP2,(Intercept),2.87362271769463e-17,7.51622223007792e-06,0.997469421215397,(Intercept),gene
ACYP2,age,0,7.51622223007792e-06,0.997469421215397,phenotype,gene
ACYP2,gender,-0.00274157294815913,7.51622223007792e-06,0.997469421215397,phenotype,gene
BRE,(Intercept),4.13106241720988e-18,0.000379690018965038,0.995512189911089,(Intercept),gene
BRE,age,0.0194856362217157,0.000379690018965038,0.995512189911089,phenotype,gene
BRE,gender,0,0.000379690018965038,0.995512189911089,phenotype,gene
CHUK,(Intercept),1.41414288128092e-17,0.00831319332498365,0.977574750677057,(Intercept),gene
CHUK,age,0,0.00831319332498365,0.977574750677057,phenotype,gene
CHUK,gender,0.0911767148178944,0.00831319332498365,0.977574750677057,phenotype,gene
DHFR,(Intercept),2.08492586784067e-18,0.00074136724425815,0.994689065768593,(Intercept),gene
DHFR,age,0,0.00074136724425815,0.994689065768593,phenotype,gene
DHFR,gender,0.0272280598695197,0.00074136724425815,0.994689065768593,phenotype,gene
SLC2A1,(Intercept),3.00772475600954e-17,0.00387902938232719,0.99110375746618,(Intercept),gene
SLC2A1,age,-0.0557168737293605,0.00387902938232719,0.99110375746618,phenotype,gene
SLC2A1,gender,0.0288862554163093,0.00387902938232719,0.99110375746618,phenotype,gene
HEATR7A,(Intercept),8.00863209283649e-18,0.000208597999598028,0.99628257505449,(Intercept),gene
HEATR7A,age,-0.0144429221280885,0.000208597999598028,0.99628257505449,phenotype,gene
HEATR7A,gender,0,0.000208597999598028,0.99628257505449,phenotype,gene
GPR34,(Intercept),-4.24569928348649e-18,0.00465675513295202,0.990483415186422,(Intercept),gene
GPR34,age,0.0432306337510227,0.00465675513295202,0.990483415186422,phenotype,gene
GPR34,gender,0.0528665185400962,0.00465675513295202,0.990483415186422,phenotype,gene
POLG2,(Intercept),2.17147267739433e-18,2.57434042436851e-05,0.997252135630839,(Intercept),gene
POLG2,age,0,2.57434042436851e-05,0.997252135630839,phenotype,gene
POLG2,gender,0.00507379584174267,2.57434042436851e-05,0.997252135630839,phenotype,gene
RCAN1,(Intercept),1.45730319468358e-17,0.00576315146471209,0.986806130623739,(Intercept),gene
RCAN1,age,-0.0751497576110476,0.00576315146471209,0.986806130623739,phenotype,gene
RCAN1,gender,0.0112480408005854,0.00576315146471209,0.986806130623739,phenotype,gene
GRAMD1C,(Intercept),7.44451298641336e-18,0.000264098234062728,0.995854179940411,(Intercept),gene
GRAMD1C,age,0,0.000264098234062728,0.995854179940411,phenotype,gene
GRAMD1C,gender,-0.0162510994724273,0.000264098234062728,0.995854179940411,phenotype,gene
YIPF4,(Intercept),-4.58957010813816e-18,2.63191824511891e-05,0.997418226130721,(Intercept),gene
YIPF4,age,0,2.63191824511891e-05,0.997418226130721,phenotype,gene
YIPF4,gender,0.00513022245630626,2.63191824511891e-05,0.997418226130721,phenotype,gene
GBP3,(Intercept),-7.28471302407655e-18,2.06709334586584e-05,0.997147658718405,(Intercept),gene
GBP3,age,0,2.06709334586584e-05,0.997147658718405,phenotype,gene
GBP3,gender,0.00454652982599459,2.06709334586584e-05,0.997147658718405,phenotype,gene
KIAA1715,(Intercept),-1.58367781522204e-17,0.00694634973886327,0.984072938470427,(Intercept),gene
KIAA1715,age,0,0.00694634973886327,0.984072938470427,phenotype,gene
KIAA1715,gender,0.0833447643158422,0.00694634973886327,0.984072938470427,phenotype,gene
chr9.7799607.12693402.probes.831906.833957.,(Intercept),1.04753321527496e-17,0.00165329274515136,0.994410596929073,(Intercept),cnv
chr9.7799607.12693402.probes.831906.833957.,age,-0.00251166494958272,0.00165329274515136,0.994410596929073,phenotype,cnv
chr9.7799607.12693402.probes.831906.833957.,gender,0.0406187677992521,0.00165329274515136,0.994410596929073,phenotype,cnv
chr3.169389913.169490555.probes.351693.351739.,(Intercept),-2.03815932124747e-18,0.000103969666039425,0.996455905691384,(Intercept),cnv
chr3.169389913.169490555.probes.351693.351739.,age,-0.0101965516739447,0.000103969666039425,0.996455905691384,phenotype,cnv
chr3.169389913.169490555.probes.351693.351739.,gender,0,0.000103969666039425,0.996455905691384,phenotype,cnv
APOD,(Intercept),3.04589255430582e-17,0.00204480150943273,0.992275354364588,(Intercept),methylation
APOD,age,-0.0438296456538904,0.00204480150943273,0.992275354364588,phenotype,methylation
APOD,gender,-0.0114433411467422,0.00204480150943273,0.992275354364588,phenotype,methylation
ATP2A3,(Intercept),5.18124740280721e-17,0.000116274796013367,0.996286435025906,(Intercept),methylation
ATP2A3,age,0.0107830791526988,0.000116274796013367,0.996286435025906,phenotype,methylation
ATP2A3,gender,0,0.000116274796013367,0.996286435025906,phenotype,methylation
CCR1,(Intercept),3.98633883221248e-17,0.00703077284949563,0.988102611697137,(Intercept),methylation
CCR1,age,0.0660115426313959,0.00703077284949563,0.988102611697137,phenotype,methylation
CCR1,gender,-0.0528245268325345,0.00703077284949563,0.988102611697137,phenotype,methylation
CPXM2,(Intercept),-9.97926386936011e-18,0.00616073914964289,0.987258408334741,(Intercept),methylation
CPXM2,age,0.0537938150989362,0.00616073914964289,0.987258408334741,phenotype,methylation
CPXM2,gender,0.0554095383464097,0.00616073914964289,0.987258408334741,phenotype,methylation
CSF2RB,(Intercept),-1.68435865835719e-17,0.000212970287128898,0.997157446592513,(Intercept),methylation
CSF2RB,age,-0.014593501537633,0.000212970287128898,0.997157446592513,phenotype,methylation
CSF2RB,gender,0,0.000212970287128898,0.997157446592513,phenotype,methylation
DNAJC7,(Intercept),5.02049395301384e-17,0.000112781504990728,0.996188309841904,(Intercept),methylation
DNAJC7,age,0.0106198636992538,0.000112781504990728,0.996188309841904,phenotype,methylation
DNAJC7,gender,0,0.000112781504990728,0.996188309841904,phenotype,methylation
FGF2,(Intercept),-3.56237425917903e-17,0.000909118092377471,0.994382583431543,(Intercept),methylation
FGF2,age,-0.0301515852382171,0.000909118092377471,0.994382583431543,phenotype,methylation
FGF2,gender,0,0.000909118092377471,0.994382583431543,phenotype,methylation
FUK,(Intercept),-5.29776491368653e-17,0.00357045175403505,0.990673089606648,(Intercept),methylation
FUK,age,0.00703893770421445,0.00357045175403505,0.990673089606648,phenotype,methylation
FUK,gender,0.0594007335428041,0.00357045175403505,0.990673089606648,phenotype,methylation
HMGN3,(Intercept),9.6373000693195e-17,0.0118719513697914,0.983620644078067,(Intercept),methylation
HMGN3,age,0.0921057944893629,0.0118719513697914,0.983620644078067,phenotype,methylation
HMGN3,gender,-0.0601489947104,0.0118719513697914,0.983620644078067,phenotype,methylation
MAP4K2,(Intercept),-2.65500287640997e-17,0.000984385633423489,0.993469630864467,(Intercept),methylation
MAP4K2,age,0.0309857756927846,0.000984385633423489,0.993469630864467,phenotype,methylation
MAP4K2,gender,-0.00626311080467935,0.000984385633423489,0.993469630864467,phenotype,methylation
MRPL36,(Intercept),8.98405954252297e-17,1.08613468291192e-05,0.997441292375445,(Intercept),methylation
MRPL36,age,0,1.08613468291192e-05,0.997441292375445,phenotype,methylation
MRPL36,gender,-0.00329565575100301,1.08613468291192e-05,0.997441292375445,phenotype,methylation
NCDN,(Intercept),-8.64493849036701e-18,5.44343634090393e-06,0.99738597952442,(Intercept),methylation
NCDN,age,0.00233311730114539,5.44343634090393e-06,0.99738597952442,phenotype,methylation
NCDN,gender,0,5.44343634090393e-06,0.99738597952442,phenotype,methylation
NIT1,(Intercept),-1.99710079832164e-18,0.00574679447159818,0.985869640861931,(Intercept),methylation
NIT1,age,0,0.00574679447159818,0.985869640861931,phenotype,methylation
NIT1,gender,-0.0758076148655145,0.00574679447159818,0.985869640861931,phenotype,methylation
RALGPS2,(Intercept),4.84721053144449e-18,0.0027941375249144,0.990433188970276,(Intercept),methylation
RALGPS2,age,-0.00420203482452546,0.0027941375249144,0.990433188970276,phenotype,methylation
RALGPS2,gender,-0.0526156075550022,0.0027941375249144,0.990433188970276,phenotype,methylation
RB1CC1,(Intercept),2.55336539868427e-17,0.00508613444764007,0.989714925531864,(Intercept),methylation
RB1CC1,age,0.0425076822406249,0.00508613444764007,0.989714925531864,phenotype,methylation
RB1CC1,gender,-0.0575856293144552,0.00508613444764007,0.989714925531864,phenotype,methylation
RNASE1,(Intercept),-9.04668149798491e-18,0.0021604643958618,0.99174830227706,(Intercept),methylation
RNASE1,age,-0.0464807959899763,0.0021604643958618,0.99174830227706,phenotype,methylation
RNASE1,gender,0,0.0021604643958618,0.99174830227706,phenotype,methylation
RNASEH2B,(Intercept),-8.29437052638471e-17,0.00665643683151343,0.986464408389576,(Intercept),methylation
RNASEH2B,age,0.0720393189919984,0.00665643683151343,0.986464408389576,phenotype,methylation
RNASEH2B,gender,0.0364148098742101,0.00665643683151343,0.986464408389576,phenotype,methylation
SMPDL3B,(Intercept),3.98531584145239e-18,0.000385211520811484,0.996369723940827,(Intercept),methylation
SMPDL3B,age,0.019593257193675,0.000385211520811484,0.996369723940827,phenotype,methylation
SMPDL3B,gender,-0.00136761306019889,0.000385211520811484,0.996369723940827,phenotype,methylation
STAP2,(Intercept),5.38316354681744e-17,0.00565332817063636,0.989697713516902,(Intercept),methylation
STAP2,age,-0.0453578643340145,0.00565332817063636,0.989697713516902,phenotype,methylation
STAP2,gender,-0.0593908370660657,0.00565332817063636,0.989697713516902,phenotype,methylation
TOR1AIP2,(Intercept),-5.18874978345445e-17,0.00232093922204044,0.992307653622935,(Intercept),methylation
TOR1AIP2,age,-0.00612450492205234,0.00232093922204044,0.992307653622935,phenotype,methylation
TOR1AIP2,gender,0.0479377516775105,0.00232093922204044,0.992307653622935,phenotype,methylation
TRADD,(Intercept),-1.85802947869527e-17,5.27291794088126e-08,0.997649222092366,(Intercept),methylation
TRADD,age,0.000229628350620764,5.27291794088126e-08,0.997649222092366,phenotype,methylation
TRADD,gender,0,5.27291794088126e-08,0.997649222092366,phenotype,methylation
XRCC6,(Intercept),-2.49325400055106e-17,0.0122070609325231,0.976528080007109,(Intercept),methylation
XRCC6,age,0.0623218318036867,0.0122070609325231,0.976528080007109,phenotype,methylation
XRCC6,gender,0.0886452079810651,0.0122070609325231,0.976528080007109,phenotype,methylation
ZSCAN12,(Intercept),-3.0767416673235e-17,0.00674596542374069,0.985400282039519,(Intercept),methylation
ZSCAN12,age,0.0821338263064658,0.00674596542374069,0.985400282039519,phenotype,methylation
ZSCAN12,gender,0,0.00674596542374069,0.985400282039519,phenotype,methylation
